name,datetime,tempmax,tempmin,temp,feelslikemax,feelslikemin,feelslike,dew,humidity,precip,precipprob,precipcover,preciptype,snow,snowdepth,windgust,windspeed,winddir,sealevelpressure,cloudcover,visibility,solarradiation,solarenergy,uvindex,severerisk,sunrise,sunset,moonphase,conditions,description,icon,stations
Amarawati,4/1/2023,36.7,25.6,30.9,34.4,25.6,29.6,9.1,27.3,0,0,0,,0,0,46.1,27,327.3,1007.9,47.7,22.9,320.6,27.6,10,10,2023-04-01T06:17:38,2023-04-01T18:34:51,0.34,Partially cloudy,Becoming cloudy in the afternoon.,partly-cloudy-day,"43169099999,remote"
Amarawati,4/2/2023,37.3,24.5,31.4,34.6,24.5,29.7,5.4,21,0,0,0,,0,0,24.8,21.6,342.5,1007.5,30.4,23.5,326.2,28.2,10,10,2023-04-02T06:16:53,2023-04-02T18:35:00,0.37,Partially cloudy,Partly cloudy throughout the day.,partly-cloudy-day,"43169099999,remote"
Amarawati,4/3/2023,37.3,24.4,31.1,34.7,24.4,29.6,6.9,23.5,0,0,0,,0,0,39.6,18.7,304.9,1007.5,23.7,24.1,324.6,27.9,10,10,2023-04-03T06:16:09,2023-04-03T18:35:09,0.41,Partially cloudy,Clearing in the afternoon.,partly-cloudy-day,remote
Amarawati,4/4/2023,37.7,24.6,31.8,35.2,24.6,30.2,6.9,22.3,0,0,0,,0,0,18.7,15.8,293.6,1008.2,41,23.5,324.6,28,10,10,2023-04-04T06:15:25,2023-04-04T18:35:18,0.44,Partially cloudy,Becoming cloudy in the afternoon.,partly-cloudy-day,"43169099999,remote"
Amarawati,4/5/2023,38.9,25.9,33.1,36.8,25.9,31.7,10.3,26.7,0,0,0,,0,0,38.9,28.8,87.6,1007.4,26.8,23.5,318.4,27.4,10,10,2023-04-05T06:14:41,2023-04-05T18:35:28,0.47,Partially cloudy,Partly cloudy throughout the day.,partly-cloudy-day,"43169099999,remote"
Amarawati,4/6/2023,38.3,27.6,32.2,37.3,28.2,32.6,16.5,41.4,0.4,100,16.67,rain,0,0,41.8,27,125.8,1008.4,47,22.9,272.3,23.6,10,30,2023-04-06T06:13:57,2023-04-06T18:35:37,0.5,"Rain, Partially cloudy",Becoming cloudy in the afternoon with late afternoon rain.,rain,"43169099999,remote"
Amarawati,4/7/2023,36.8,27.1,31.9,35.8,27.9,32,15.8,40.4,0.1,100,4.17,rain,0,0,40.3,28.4,105.9,1010.1,66.3,22.9,218,18.9,10,30,2023-04-07T06:13:14,2023-04-07T18:35:47,0.54,"Rain, Partially cloudy",Partly cloudy throughout the day with early morning rain.,rain,"43169099999,remote"
Amarawati,4/8/2023,37.2,25.3,31.3,35.7,25.3,30.5,13.1,35.6,0,0,0,,0,0,34.9,18.4,71.4,1012.1,12.3,23.5,322,27.9,10,10,2023-04-08T06:12:30,2023-04-08T18:35:56,0.57,Clear,Clear conditions throughout the day.,clear-day,"43169099999,remote"
Amarawati,4/9/2023,37.4,25.3,31.5,34.9,25.3,30.2,10.3,29.8,0,0,0,,0,0,36,20.2,112.2,1012.4,0,22.9,326.8,28.1,10,10,2023-04-09T06:11:48,2023-04-09T18:36:06,0.61,Clear,Clear conditions throughout the day.,clear-day,"43169099999,remote"
Amarawati,4/10/2023,37.8,25.2,31.8,35.3,25.2,30.3,8,24.8,0,0,0,,0,0,38.5,20.9,114.5,1011.3,0,24.1,327.3,28.1,10,10,2023-04-10T06:11:05,2023-04-10T18:36:16,0.65,Clear,Clear conditions throughout the day.,clear-day,remote
Amarawati,4/11/2023,38.5,25.6,32.5,35.7,25.6,30.7,6.4,21.6,0,0,0,,0,0,37.4,19.4,119.7,1011.3,34.9,23.5,331.1,28.6,10,10,2023-04-11T06:10:23,2023-04-11T18:36:26,0.68,Partially cloudy,Partly cloudy throughout the day.,partly-cloudy-day,"43169099999,remote"
Amarawati,4/12/2023,39.8,26.3,33.2,37,26.3,31.4,6.1,19.6,0,0,0,,0,0,24.8,19.8,128.4,1010.3,6.4,24.1,329.1,28.2,10,10,2023-04-12T06:09:41,2023-04-12T18:36:37,0.72,Clear,Clear conditions throughout the day.,clear-day,remote
Amarawati,4/13/2023,39.6,27.4,33.8,37.3,26.6,32,7.7,20.7,0,0,0,,0,0,21.6,14.8,133.6,1009.8,46.9,23.5,315.8,27.2,10,10,2023-04-13T06:09:00,2023-04-13T18:36:47,0.75,Partially cloudy,Partly cloudy throughout the day.,partly-cloudy-day,"43169099999,remote"
Amarawati,4/14/2023,39.2,28.8,34.8,37.3,27.6,33,9.5,21.7,0,0,0,,0,0,23,16.9,148.2,1009.3,89.1,24.1,279.9,24.3,9,10,2023-04-14T06:08:19,2023-04-14T18:36:58,0.79,Partially cloudy,Partly cloudy throughout the day.,partly-cloudy-day,remote
Amarawati,4/15/2023,38.3,26.9,33,36.3,27.2,31.8,11.4,28.9,0,0,0,,0,0,52.6,38.2,21.9,1009.8,89.6,24.1,274.8,23.9,10,10,2023-04-15T06:07:39,2023-04-15T18:37:09,0.82,Partially cloudy,Partly cloudy throughout the day.,partly-cloudy-day,remote
Amarawati,4/16/2023,39.6,29.1,34.3,37.4,27.9,32.5,9,21.9,0,0,0,,0,0,14.8,13,55.4,1007.8,9.3,24.1,325.3,27.9,10,10,2023-04-16T06:06:59,2023-04-16T18:37:20,0.86,Clear,Clear conditions throughout the day.,clear-day,remote
Amarawati,4/17/2023,40.2,27.6,34.5,38.1,27.6,33,9.6,23.7,0,0,0,,0,0,34.6,21.2,153.6,1007.5,7.7,24.1,325.2,28,10,30,2023-04-17T06:06:19,2023-04-17T18:37:31,0.9,Clear,Clear conditions throughout the day.,clear-day,remote
Amarawati,4/18/2023,40.8,27.1,34.1,38.1,26.3,31.9,4.4,16.4,0,0,0,,0,0,37.1,19.8,134.4,1008.8,1.4,23.5,332.9,28.8,10,10,2023-04-18T06:05:41,2023-04-18T18:37:43,0.93,Clear,Clear conditions throughout the day.,clear-day,"43169099999,remote"
Amarawati,4/19/2023,40.6,27.5,34.2,37.8,26.4,32.1,4.7,16.2,0,0,0,,0,0,27.7,15.1,126,1007,0.3,24.1,331.1,28.6,10,10,2023-04-19T06:05:02,2023-04-19T18:37:55,0.97,Clear,Clear conditions throughout the day.,clear-day,remote
Amarawati,4/20/2023,40.2,27.7,34.2,37.7,26.8,32.3,7,19.4,0,0,0,,0,0,19.8,14,151.2,1004.7,0.7,24.1,328.5,28.2,10,10,2023-04-20T06:04:24,2023-04-20T18:38:07,0,Clear,Clear conditions throughout the day.,clear-day,remote
Amarawati,4/21/2023,39.6,28.5,33.8,38,28.9,32.8,12.2,28.9,0,0,0,,0,0,30.2,20.2,54.1,1004,31.5,24.1,268.8,23,10,30,2023-04-21T06:03:47,2023-04-21T18:38:19,0.04,Partially cloudy,Becoming cloudy in the afternoon.,partly-cloudy-day,remote
Amarawati,4/22/2023,39.5,27.7,33.3,37.1,28.7,32.6,12.6,32.4,0,0,0,,0,0,37.4,21.2,226.4,1005,5,24.1,324.2,28.1,10,10,2023-04-22T06:03:10,2023-04-22T18:38:32,0.07,Clear,Clear conditions throughout the day.,clear-day,remote
Amarawati,4/23/2023,39,27,33.4,36.3,26.8,31.5,7.4,21.4,0,0,0,,0,0,43.2,23,315.1,1005.3,2.3,24.1,332.1,28.7,10,10,2023-04-23T06:02:34,2023-04-23T18:38:45,0.1,Clear,Clear conditions throughout the day.,clear-day,remote
Amarawati,4/24/2023,38.4,26.5,32.7,36.2,26.5,31.6,12.3,33.9,0,0,0,,0,0,32,16.2,122.2,1006.4,27.8,24.1,324.7,27.9,10,30,2023-04-24T06:01:59,2023-04-24T18:38:58,0.13,Partially cloudy,Partly cloudy throughout the day.,partly-cloudy-day,remote
Amarawati,4/25/2023,38.4,26.9,31.8,37.9,28,32.4,17.2,43.8,1.2,100,20.83,rain,0,0,44.3,36,138.7,1007.2,23.6,23.5,304.1,26.4,10,30,2023-04-25T06:01:24,2023-04-25T18:39:12,0.16,"Rain, Partially cloudy",Partly cloudy throughout the day with rain.,rain,"43169099999,remote"
Amarawati,4/26/2023,36.4,23.5,30.2,35.8,23.5,30.4,17.5,49.6,2.5,100,16.67,rain,0,0,27.4,19.8,114.9,1008.4,6.5,22.1,321.1,27.7,10,10,2023-04-26T06:00:50,2023-04-26T18:39:25,0.2,Rain,Clear conditions throughout the day with rain clearing later.,rain,"43169099999,remote"
Amarawati,4/27/2023,36.3,27.5,32,37,28.8,32.7,17.4,43,0.9,100,29.17,rain,0,0,34.6,18.4,138.9,1007.6,37.4,23.5,219,18.8,10,30,2023-04-27T06:00:17,2023-04-27T18:39:40,0.23,"Rain, Partially cloudy",Becoming cloudy in the afternoon with rain.,rain,"43169099999,remote"
Amarawati,4/28/2023,36.3,28.1,31.3,37,29.8,32.3,18.2,47.5,1.7,100,20.83,rain,0,0,33.8,23.8,124.6,1008.4,45.1,23.4,224.5,19.4,10,30,2023-04-28T05:59:44,2023-04-28T18:39:54,0.25,"Rain, Partially cloudy",Partly cloudy throughout the day with rain.,rain,"43169099999,remote"
Amarawati,4/29/2023,33.3,24.1,27.6,34.7,24.1,28.1,19.4,62.2,5.4,100,54.17,rain,0,0,33.1,31.3,74.4,1009.1,75,22.9,218.4,18.9,9,10,2023-04-29T05:59:12,2023-04-29T18:40:09,0.29,"Rain, Partially cloudy",Partly cloudy throughout the day with a chance of rain throughout the day.,rain,"43169099999,remote"
Amarawati,4/30/2023,33.2,22.9,27.7,34.3,22.9,28.6,19.9,64.1,5.8,100,33.33,rain,0,0,41,37.1,175.6,1007.5,55.7,22,249.3,21.5,10,10,2023-04-30T05:58:40,2023-04-30T18:40:23,0.32,"Rain, Partially cloudy",Partly cloudy throughout the day with rain.,rain,"43169099999,remote"
Amarawati,5/1/2023,35.2,22.6,29,35.1,22.6,29.4,18.7,57.8,4,100,20.83,rain,0,0,41.4,33.1,70.2,1006.7,60.8,23.3,313.3,27,10,30,2023-05-01T05:58:10,2023-05-01T18:40:39,0.36,"Rain, Partially cloudy",Partly cloudy throughout the day with rain.,rain,"43169099999,remote"
Amarawati,5/2/2023,33.6,21.4,29.2,33.7,21.4,29.8,18.8,55.9,5.7,100,25,rain,0,0,38.2,27,137.4,1007.9,65.5,23.5,304.6,26.1,10,30,2023-05-02T05:57:40,2023-05-02T18:40:54,0.39,"Rain, Partially cloudy",Partly cloudy throughout the day with rain.,rain,"43169099999,remote"
Amarawati,5/3/2023,33.1,26.7,29.1,34.9,26.7,30.7,20.1,59.4,3.9,100,37.5,rain,0,0,31.7,26.6,121.4,1008.4,85.9,22.6,193,16.5,9,30,2023-05-03T05:57:11,2023-05-03T18:41:10,0.42,"Rain, Partially cloudy",Partly cloudy throughout the day with rain.,rain,"43169099999,remote"
Amarawati,5/4/2023,33.7,25.7,29.8,34.1,25.7,30.5,18.8,53.1,0.2,100,8.33,rain,0,0,19.1,13,202.5,1007.8,60.6,24.1,280.2,24.2,10,10,2023-05-04T05:56:43,2023-05-04T18:41:26,0.45,"Rain, Partially cloudy",Partly cloudy throughout the day with rain.,rain,remote
Amarawati,5/5/2023,32.5,24.1,28.9,33.3,24.1,29.7,19.3,57.3,5.2,100,25,rain,0,0,38.5,25.2,201.6,1007.3,93.6,23.4,169.3,14.5,9,10,2023-05-05T05:56:16,2023-05-05T18:41:43,0.5,"Rain, Overcast",Cloudy skies throughout the day with rain clearing later.,rain,remote
Amarawati,5/6/2023,35.5,25.5,30.8,36.3,25.5,31.9,18.8,50.3,0.2,100,8.33,rain,0,0,32,20.2,338.8,1006.5,33.9,24.1,319.8,27.7,10,10,2023-05-06T05:55:49,2023-05-06T18:41:59,0.52,"Rain, Partially cloudy",Partly cloudy throughout the day with rain clearing later.,rain,remote
Amarawati,5/7/2023,35.6,25.9,30.3,36.3,25.9,31.4,19.1,52.9,2.8,100,33.33,rain,0,0,27.4,19.4,247.2,1007,53.8,22.9,275.5,23.9,10,10,2023-05-07T05:55:23,2023-05-07T18:42:16,0.56,"Rain, Partially cloudy",Partly cloudy throughout the day with a chance of rain throughout the day.,rain,"43169099999,remote"
Amarawati,5/8/2023,35.7,26.9,30.9,37.2,28.2,32.4,19.2,51.1,0.9,100,16.67,rain,0,0,29.5,20.2,209.6,1006.3,45.3,24,268.8,23.1,10,30,2023-05-08T05:54:59,2023-05-08T18:42:34,0.59,"Rain, Partially cloudy",Partly cloudy throughout the day with rain.,rain,remote
Amarawati,5/9/2023,37,24.7,30.1,38.6,24.7,31.3,19.9,57.2,4.3,100,33.33,rain,0,0,47.5,33.8,50.3,1007.1,70,22.7,307,26.6,10,30,2023-05-09T05:54:35,2023-05-09T18:42:51,0.63,"Rain, Partially cloudy",Partly cloudy throughout the day with rain.,rain,"43169099999,remote"
Amarawati,5/10/2023,37.8,27.7,32.2,39.2,29,33.8,19.1,47.7,0.7,100,8.33,rain,0,0,38.2,29.2,13.9,1006.5,68.8,24.1,310.3,26.7,10,30,2023-05-10T05:54:11,2023-05-10T18:43:09,0.66,"Rain, Partially cloudy",Partly cloudy throughout the day with rain.,rain,remote
Amarawati,5/11/2023,38.2,28.1,33,39.4,30.4,34.6,18.8,44.8,0.1,100,4.17,rain,0,0,27,19.4,320.7,1006.5,86.5,24.1,229.3,19.8,9,30,2023-05-11T05:53:49,2023-05-11T18:43:27,0.7,"Rain, Partially cloudy",Partly cloudy throughout the day with afternoon rain.,rain,remote
Amarawati,5/12/2023,39.8,28.2,34.1,38.6,30.8,34.9,16.7,40.3,0,0,0,,0,0,37.8,22.3,262.9,1006.5,90.2,24.1,304.8,26.5,10,60,2023-05-12T05:53:28,2023-05-12T18:43:45,0.75,Overcast,Cloudy skies throughout the day.,cloudy,remote
Amarawati,5/13/2023,41.1,28.4,34.7,38.4,31.1,34.4,13.1,32.7,0,0,0,,0,0,43.2,27.4,282.4,1005.9,86.3,22.9,298.6,25.9,10,30,2023-05-13T05:53:07,2023-05-13T18:44:04,0.77,Partially cloudy,Partly cloudy throughout the day.,partly-cloudy-day,"43169099999,remote"
Amarawati,5/14/2023,39.8,27.7,33.8,38.6,28.8,33.9,15.4,37.6,0,0,0,,0,0,52.6,36.4,274.5,1006,34.8,22.9,329.6,28.4,10,30,2023-05-14T05:52:48,2023-05-14T18:44:22,0.81,Partially cloudy,Partly cloudy throughout the day.,partly-cloudy-day,"43169099999,remote"
Amarawati,5/15/2023,39.5,28,34,37.9,28.4,33.1,12.9,30.2,0,0,0,,0,0,45.7,28.8,279.4,1006.8,3.6,23.5,331.5,28.8,10,10,2023-05-15T05:52:29,2023-05-15T18:44:41,0.84,Clear,Clear conditions throughout the day.,clear-day,"43169099999,remote"
Amarawati,5/16/2023,39.6,28.5,34.2,37.7,28.9,33.2,12.3,28.6,0,0,0,,0,0,40.3,23.4,284.6,1008.1,24.1,23.5,331,28.7,10,10,2023-05-16T05:52:12,2023-05-16T18:45:01,0.88,Partially cloudy,Partly cloudy throughout the day.,partly-cloudy-day,"43169099999,remote"
Amarawati,5/17/2023,39.9,28.9,34.7,37.4,28.5,33.2,10.2,24.6,0,0,0,,0,0,43.2,22.3,315.6,1008.5,5.2,22.9,334.2,28.8,10,10,2023-05-17T05:51:55,2023-05-17T18:45:20,0.91,Clear,Clear conditions throughout the day.,clear-day,"43169099999,remote"
Amarawati,5/18/2023,40.6,29.6,35.8,38.6,29.1,34.4,10.5,23,0,0,0,,0,0,41,20.5,326.1,1008.5,21,22.9,314.6,27.3,10,10,2023-05-18T05:51:39,2023-05-18T18:45:40,0.95,Partially cloudy,Clearing in the afternoon.,partly-cloudy-day,"43169099999,remote"
Amarawati,5/19/2023,41.3,30.4,36.3,40.1,28.8,34.9,10.8,22.1,0,0,0,,0,0,35.6,18.7,11,1007,25.3,22.9,319.8,27.6,10,10,2023-05-19T05:51:24,2023-05-19T18:45:59,0,Partially cloudy,Partly cloudy throughout the day.,partly-cloudy-day,"43169099999,remote"
Amarawati,5/20/2023,40.9,30.1,34.8,40.4,30.4,34.4,14.7,31,0.1,100,4.17,rain,0,0,44.6,37.8,68.9,1006.4,54.3,23.5,262.4,22.4,10,10,2023-05-20T05:51:10,2023-05-20T18:46:19,0.02,"Rain, Partially cloudy",Partly cloudy throughout the day with afternoon rain.,rain,"43169099999,remote"
Amarawati,5/21/2023,40.6,29.6,34.8,39.9,30.4,34.7,15.2,32.6,1.8,100,8.33,rain,0,0,23,20.9,131.3,1007.3,38.9,23.3,282.5,24.3,10,10,2023-05-21T05:50:57,2023-05-21T18:46:39,0.05,"Rain, Partially cloudy",Partly cloudy throughout the day with late afternoon rain.,rain,remote
Amarawati,5/22/2023,39.6,26.3,32.8,38.9,26.3,33,16.2,39.8,2.4,100,12.5,rain,0,0,42.1,30.2,115.3,1009,57.6,22.8,311.7,26.9,10,10,2023-05-22T05:50:45,2023-05-22T18:46:59,0.08,"Rain, Partially cloudy",Partly cloudy throughout the day with early morning rain.,rain,remote
Amarawati,5/23/2023,39.2,29,34.5,40.7,29.8,34.5,15.4,33.4,7.7,100,29.17,rain,0,0,38.5,23.4,82.5,1008.6,40.4,22,314.4,27.1,10,10,2023-05-23T05:50:34,2023-05-23T18:47:19,0.12,"Rain, Partially cloudy",Clearing in the afternoon with rain.,rain,"43169099999,remote"
Amarawati,5/24/2023,39.4,29.2,34.8,39.3,31.4,35.5,16.7,36.8,0.2,100,8.33,rain,0,0,35.6,26.3,256.6,1008,25,24.1,296.3,25.7,10,30,2023-05-24T05:50:23,2023-05-24T18:47:40,0.15,"Rain, Partially cloudy",Becoming cloudy in the afternoon with rain.,rain,remote
Amarawati,5/25/2023,38.7,28.5,33.4,39.1,28.7,33.9,16.8,38.6,1.3,100,20.83,rain,0,0,50,40.7,265.2,1008.7,28.4,22.2,272,23.4,10,10,2023-05-25T05:50:14,2023-05-25T18:48:00,0.18,"Rain, Partially cloudy",Partly cloudy throughout the day with rain.,rain,"43169099999,remote"
Amarawati,5/26/2023,38.8,28.1,33.7,38.1,29.1,33.6,15.5,35.7,0.2,100,8.33,rain,0,0,36.7,25.9,277,1009.4,6.3,22.9,323.9,28.1,10,10,2023-05-26T05:50:06,2023-05-26T18:48:21,0.21,Rain,Clear conditions throughout the day with rain clearing later.,rain,"43169099999,remote"
Amarawati,5/27/2023,39.1,28.8,33.8,39,30.2,34.2,16.3,37.2,0.1,100,4.17,rain,0,0,38.2,26.3,277.8,1007.9,46.4,23.5,280.8,24.2,10,30,2023-05-27T05:49:58,2023-05-27T18:48:41,0.25,"Rain, Partially cloudy",Becoming cloudy in the afternoon with afternoon rain.,rain,"43169099999,remote"
Amarawati,5/28/2023,40,29,35,38.6,29.5,34.2,13.2,28.8,0,0,0,,0,0,43.2,24.1,305.8,1006.5,22.8,23.5,311.6,26.9,10,10,2023-05-28T05:49:52,2023-05-28T18:49:01,0.28,Partially cloudy,Becoming cloudy in the afternoon.,partly-cloudy-day,"43169099999,remote"
Amarawati,5/29/2023,40.4,30.9,35,39.5,31.6,34.9,15.3,32.1,1.4,100,20.83,rain,0,0,34.2,25.6,255.9,1006.4,61,23.5,243.2,20.9,10,10,2023-05-29T05:49:46,2023-05-29T18:49:22,0.31,"Rain, Partially cloudy",Partly cloudy throughout the day with rain.,rain,"43169099999,remote"
Amarawati,5/30/2023,36.2,28.1,32.5,36.2,29.5,33.1,17.3,41.5,0,0,0,,0,0,34.6,23.4,212,1008.2,79.9,23.5,170.2,14.5,8,10,2023-05-30T05:49:42,2023-05-30T18:49:42,0.34,Partially cloudy,Partly cloudy throughout the day.,partly-cloudy-day,"43169099999,remote"
Amarawati,5/31/2023,40.4,29,33.5,39.9,30.3,34,16.8,38.8,1.1,100,16.67,rain,0,0,26.6,21.6,249.2,1007.1,77.5,24.1,248.8,21.5,9,10,2023-05-31T05:49:38,2023-05-31T18:50:03,0.37,"Rain, Partially cloudy",Partly cloudy throughout the day with rain.,rain,remote
Amarawati,6/1/2023,38.8,30,34,38.9,31.4,34.8,17.3,38.8,0.4,100,16.67,rain,0,0,38.2,25.9,262.6,1006.1,90,23.5,227.7,19.8,9,30,2023-06-01T05:49:35,2023-06-01T18:50:23,0.41,"Rain, Partially cloudy",Partly cloudy throughout the day with rain.,rain,"43169099999,remote"
Amarawati,6/2/2023,40.8,27.1,34.5,38.6,29.8,34.3,14.2,35.5,0,0,0,,0,0,43.6,26.6,297.8,1006.5,49.5,23.5,318.8,27.5,10,10,2023-06-02T05:49:33,2023-06-02T18:50:43,0.44,Partially cloudy,Partly cloudy throughout the day.,partly-cloudy-day,"43169099999,remote"
Amarawati,6/3/2023,40.6,29,35.6,39.4,31.1,35.2,13.8,29.7,0,0,0,,0,0,44.6,25.6,307.1,1006,25.4,23.5,324.8,28.1,10,10,2023-06-03T05:49:32,2023-06-03T18:51:03,0.47,Partially cloudy,Clearing in the afternoon.,partly-cloudy-day,"43169099999,remote"
Amarawati,6/4/2023,38.8,27.9,33,39.9,29.2,34.6,18.9,44.8,0.8,100,16.67,rain,0,0,40.3,36.7,259.4,1006.6,65,23.4,277.5,23.9,10,30,2023-06-04T05:49:32,2023-06-04T18:51:23,0.5,"Rain, Partially cloudy",Partly cloudy throughout the day with rain.,rain,"43169099999,remote"
Amarawati,6/5/2023,39.3,29.8,34.3,39,30.4,34.4,15.7,34.8,0,0,0,,0,0,36.7,25.9,298.7,1005.2,52.6,23.5,257.2,22.3,10,10,2023-06-05T05:49:33,2023-06-05T18:51:43,0.54,Partially cloudy,Partly cloudy throughout the day.,partly-cloudy-day,"43169099999,remote"
Amarawati,6/6/2023,39.6,28.6,34.4,38.9,30,34.7,16,35.8,0,0,0,,0,0,44.3,28.1,281.6,1005.2,43,24.1,287,24.8,10,30,2023-06-06T05:49:35,2023-06-06T18:52:02,0.58,Partially cloudy,Partly cloudy throughout the day.,partly-cloudy-day,remote
Amarawati,6/7/2023,39.4,28.7,33.9,40.2,30,34.9,17.8,40.4,0.2,100,8.33,rain,0,0,47.2,34.2,273.8,1005.1,64.2,23.5,279.4,24.2,10,30,2023-06-07T05:49:37,2023-06-07T18:52:21,0.61,"Rain, Partially cloudy",Partly cloudy throughout the day with rain in the morning and afternoon.,rain,"43169099999,remote"
Amarawati,6/8/2023,39.7,27.4,32.7,40.6,30.2,34,18.7,46,4.9,100,45.83,rain,0,0,47.5,43.9,270.4,1006.2,87.6,23.3,233.8,20.2,10,30,2023-06-08T05:49:40,2023-06-08T18:52:40,0.65,"Rain, Partially cloudy",Partly cloudy throughout the day with a chance of rain throughout the day.,rain,"43169099999,remote"
Amarawati,6/9/2023,39.5,27,32.9,40.1,28.5,34.3,18.7,45.5,0.4,100,12.5,rain,0,0,41,31,278,1005.3,67.8,22.9,259,22.4,10,30,2023-06-09T05:49:44,2023-06-09T18:52:59,0.68,"Rain, Partially cloudy",Partly cloudy throughout the day with late afternoon rain.,rain,"43169099999,remote"
Amarawati,6/10/2023,38,24.3,31,38.9,24.3,32.5,19.5,52.9,3,100,25,rain,0,0,63.7,45.7,268.6,1004.5,78.3,22.3,296.3,25.4,10,10,2023-06-10T05:49:49,2023-06-10T18:53:18,0.72,"Rain, Partially cloudy",Partly cloudy throughout the day with rain.,rain,"43169099999,remote"
Amarawati,6/11/2023,38.3,27.7,32.7,39.2,29.3,34,18.5,45,0.2,100,8.33,rain,0,0,40.3,29.2,264.9,1004.5,71.5,23.5,306.3,26.6,10,10,2023-06-11T05:49:55,2023-06-11T18:53:36,0.75,"Rain, Partially cloudy",Partly cloudy throughout the day with late afternoon rain.,rain,"43169099999,remote"
Amarawati,6/12/2023,39.2,27.3,33.3,38.9,28.9,33.9,17.1,41.5,0,0,0,,0,0,42.8,35.3,256.2,1003.9,51.1,22.9,319.5,27.8,10,10,2023-06-12T05:50:01,2023-06-12T18:53:53,0.79,Partially cloudy,Partly cloudy throughout the day.,partly-cloudy-day,"43169099999,remote"
Amarawati,6/13/2023,39.4,27.2,32.9,38.8,28.8,33.6,17.4,42.7,0,0,0,,0,0,46.8,33.5,262.5,1005.1,35.3,23.5,322.9,28,10,10,2023-06-13T05:50:09,2023-06-13T18:54:11,0.82,Partially cloudy,Partly cloudy throughout the day.,partly-cloudy-day,"43169099999,remote"
Amarawati,6/14/2023,38,27.1,32.6,37.6,28.6,33.3,17.6,43.8,0,0,0,,0,0,42.5,32.4,269.2,1006.6,91.7,23.5,300,25.9,9,10,2023-06-14T05:50:16,2023-06-14T18:54:28,0.86,Overcast,Cloudy skies throughout the day.,cloudy,"43169099999,remote"
Amarawati,6/15/2023,38.8,27.1,33,38,28.7,33.6,17,42.1,0,0,0,,0,0,45,32.8,276.4,1006.8,54.5,24.1,316.6,27.4,10,10,2023-06-15T05:50:25,2023-06-15T18:54:44,0.9,Partially cloudy,Clearing in the afternoon.,partly-cloudy-day,remote
Amarawati,6/16/2023,39.3,27.3,33.4,38.5,28.6,33.9,16.8,40.5,0,0,0,,0,0,38.5,35.3,272.9,1005.6,16.1,23.5,327.3,28.2,10,10,2023-06-16T05:50:34,2023-06-16T18:55:00,0.93,Clear,Clear conditions throughout the day.,clear-day,"43169099999,remote"
Amarawati,6/17/2023,38.9,27.3,32.9,39,28.8,34,18,43.8,0.1,100,4.17,rain,0,0,46.8,33.1,279,1006.1,15.3,22.9,323.9,28.1,10,10,2023-06-17T05:50:44,2023-06-17T18:55:16,0.97,Rain,Clear conditions throughout the day with late afternoon rain.,rain,"43169099999,remote"
Amarawati,6/18/2023,38.2,27.6,32.8,40.7,29.1,34.2,18.6,44.8,0.1,100,4.17,rain,0,0,41.8,32.4,284.4,1005.9,56.1,22.9,280.4,24.1,10,10,2023-06-18T05:50:55,2023-06-18T18:55:31,0,"Rain, Partially cloudy",Partly cloudy throughout the day with late afternoon rain.,rain,"43169099999,remote"
Amarawati,6/19/2023,39,28.9,33.5,39.9,30.7,34.7,18,41.9,0.1,100,4.17,rain,0,0,32.8,27,293.9,1004.3,77,23.5,252.4,21.8,10,10,2023-06-19T05:51:06,2023-06-19T18:55:45,0.04,"Rain, Partially cloudy",Partly cloudy throughout the day with afternoon rain.,rain,"43169099999,remote"
Amarawati,6/20/2023,38.9,28.6,33.9,39.6,30.2,34.7,17.3,39.1,0,0,0,,0,0,42.8,33.8,280.8,1003.4,72,23.5,293.5,25.3,9,10,2023-06-20T05:51:18,2023-06-20T18:55:59,0.07,Partially cloudy,Partly cloudy throughout the day.,partly-cloudy-day,"43169099999,remote"
Amarawati,6/21/2023,38.2,29,33.6,39.9,30.5,34.3,17.3,39.4,0,0,0,,0,0,42.5,38.9,287.3,1004,90.9,22.9,269.4,23.4,10,10,2023-06-21T05:51:30,2023-06-21T18:56:13,0.1,Overcast,Cloudy skies throughout the day.,cloudy,"43169099999,remote"
Amarawati,6/22/2023,36.7,28.6,32.3,37.5,30.1,33.5,18.3,44.8,1.1,100,16.67,rain,0,0,40.7,30.2,271.5,1005,96.8,22.8,233.1,20.1,9,10,2023-06-22T05:51:43,2023-06-22T18:56:26,0.13,"Rain, Overcast",Cloudy skies throughout the day with late afternoon rain.,rain,"43169099999,remote"
Amarawati,6/23/2023,35.1,26.3,30.7,36.9,26.3,31.9,19.4,52.3,5.4,100,33.33,rain,0,0,38.2,24.5,263.7,1005.1,93.5,21.7,199.3,17.3,8,10,2023-06-23T05:51:57,2023-06-23T18:56:38,0.17,"Rain, Overcast",Cloudy skies throughout the day with rain.,rain,"43169099999,remote"
Amarawati,6/24/2023,34.7,26.1,28.9,36.6,26.1,30.2,20.3,60.6,11.1,100,37.5,rain,0,0,36.4,27,251.8,1005.2,93.9,22.5,157.3,13.6,8,10,2023-06-24T05:52:11,2023-06-24T18:56:49,0.2,"Rain, Overcast",Cloudy skies throughout the day with rain.,rain,remote
Amarawati,6/25/2023,33.2,24.4,29,34.1,24.4,30.1,19.7,58.3,2.4,100,25,rain,0,0,38.2,26.6,267,1004.7,90.3,22.8,136.4,11.7,8,10,2023-06-25T05:52:25,2023-06-25T18:57:00,0.23,"Rain, Overcast",Cloudy skies throughout the day with rain.,rain,"43169099999,remote"
Amarawati,6/26/2023,34.6,26.2,29.6,35,26.2,30.5,19,54.6,0,0,0,,0,0,42.8,31.3,272.9,1005.5,99.1,23.5,191.8,16.6,9,10,2023-06-26T05:52:40,2023-06-26T18:57:10,0.25,Overcast,Cloudy skies throughout the day.,cloudy,"43169099999,remote"
Amarawati,6/27/2023,35.1,25.4,30.2,35.4,25.4,31,18.5,51,0.1,100,4.17,rain,0,0,39.6,29.9,263.7,1005.7,97.4,23.5,215.3,18.5,8,10,2023-06-27T05:52:56,2023-06-27T18:57:20,0.3,"Rain, Overcast",Cloudy skies throughout the day with late afternoon rain.,rain,"43169099999,remote"
Amarawati,6/28/2023,33.5,26.1,29.1,34.8,26.1,30.2,19.6,57.5,1.6,100,20.83,rain,0,0,43.2,31.7,251,1006.9,98.1,22.8,114.4,10,5,10,2023-06-28T05:53:12,2023-06-28T18:57:28,0.33,"Rain, Overcast",Cloudy skies throughout the day with rain.,rain,"43169099999,remote"
Amarawati,6/29/2023,34.1,25.8,29.5,36.2,25.8,30.6,19.7,56.9,0.2,100,8.33,rain,0,0,38.5,30.6,263.2,1007.2,97.1,22.9,164.2,14.2,7,10,2023-06-29T05:53:28,2023-06-29T18:57:36,0.36,"Rain, Overcast",Cloudy skies throughout the day with afternoon rain.,rain,"43169099999,remote"
Amarawati,6/30/2023,34.2,25.8,29.7,35.7,25.8,30.6,19.1,54.1,0,0,0,,0,0,44.6,34.6,262,1007.3,94.9,23.5,199.6,17.3,8,10,2023-06-30T05:53:44,2023-06-30T18:57:44,0.39,Overcast,Cloudy skies throughout the day.,cloudy,"43169099999,remote"
Amarawati,7/1/2023,36,26.8,30.9,37.7,28.4,32.5,19.6,52.4,0.1,100,4.17,rain,0,0,39.6,35.6,270.7,1007.1,75.1,22.9,238.1,20.5,9,10,2023-07-01T05:54:01,2023-07-01T18:57:50,0.43,"Rain, Partially cloudy",Partly cloudy throughout the day with afternoon rain.,rain,"43169099999,remote"
Amarawati,7/2/2023,33.6,26.3,30.1,35.6,26.3,31.7,20,55.8,5.5,100,37.5,rain,0,0,40,29.2,273.4,1006.8,97.9,21.9,144.2,12.4,6,10,2023-07-02T05:54:18,2023-07-02T18:57:56,0.46,"Rain, Overcast",Cloudy skies throughout the day with rain.,rain,remote
Amarawati,7/3/2023,35.1,26.1,29.4,37.9,26.1,31.2,20.8,61,8.7,100,37.5,rain,0,0,39.6,26.6,263.8,1004.8,88.5,19.7,108.2,9.5,5,10,2023-07-03T05:54:36,2023-07-03T18:58:00,0.5,"Rain, Partially cloudy",Partly cloudy throughout the day with rain.,rain,"43169099999,remote"
Amarawati,7/4/2023,34.3,26.4,29.6,37.1,26.4,31.5,21,61.3,1.3,100,37.5,rain,0,0,40,29.9,249.3,1002.3,95.8,22.8,200.8,17.4,8,10,2023-07-04T05:54:54,2023-07-04T18:58:04,0.53,"Rain, Overcast",Cloudy skies throughout the day with rain.,rain,"43169099999,remote"
Amarawati,7/5/2023,30.9,25.1,27.3,33.9,25.1,28.4,21.1,69.3,10.2,100,62.5,rain,0,0,43.9,29.9,251.9,1001.8,97.4,20.2,141.3,12.1,7,10,2023-07-05T05:55:12,2023-07-05T18:58:07,0.56,"Rain, Overcast",Cloudy skies throughout the day with a chance of rain throughout the day.,rain,"43169099999,remote"
Amarawati,7/6/2023,29,24.1,26.2,30.6,24.1,26.9,20.8,72.8,11.5,100,66.67,rain,0,0,52.9,33.1,248.7,1004.1,98.3,17.3,68.2,5.9,4,10,2023-07-06T05:55:30,2023-07-06T18:58:09,0.6,"Rain, Overcast",Cloudy skies throughout the day with a chance of rain throughout the day.,rain,"43169099999,remote"
Amarawati,7/7/2023,30.8,24.3,27.2,32.7,24.3,28.1,20.3,66.7,1,100,16.67,rain,0,0,51.1,35.6,247.9,1006.6,98.4,23.6,168.7,14.8,7,10,2023-07-07T05:55:48,2023-07-07T18:58:11,0.63,"Rain, Overcast",Cloudy skies throughout the day with afternoon rain.,rain,remote
Amarawati,7/8/2023,31.5,24.8,27.6,33,24.8,28.5,20.1,64.8,0.1,100,4.17,rain,0,0,49.7,28.8,253.8,1007.6,97.2,23.5,118.9,10.2,4,10,2023-07-08T05:56:07,2023-07-08T18:58:11,0.67,"Rain, Overcast",Cloudy skies throughout the day with afternoon rain.,rain,"43169099999,remote"
Amarawati,7/9/2023,33.4,25.1,28.4,37.8,25.1,29.6,20.7,64.1,0.7,100,16.67,rain,0,0,40.3,25.6,259.3,1007.4,85.1,22.9,135.7,11.7,6,10,2023-07-09T05:56:25,2023-07-09T18:58:10,0.7,"Rain, Partially cloudy",Partly cloudy throughout the day with rain in the morning and afternoon.,rain,"43169099999,remote"
Amarawati,7/10/2023,35.1,25.8,29.7,36.1,25.8,30.7,19.6,56.4,0.3,100,12.5,rain,0,0,37.1,27.7,270.1,1006.4,96.3,23.5,253.3,22,9,10,2023-07-10T05:56:44,2023-07-10T18:58:09,0.75,"Rain, Overcast",Cloudy skies throughout the day with rain.,rain,"43169099999,remote"
Amarawati,7/11/2023,33.6,25.8,29.8,34.5,25.8,30.7,19,53.7,0,0,0,,0,0,41,27,282.5,1006.5,98.1,23.5,268.3,23.1,9,10,2023-07-11T05:57:03,2023-07-11T18:58:07,0.77,Overcast,Cloudy skies throughout the day.,cloudy,"43169099999,remote"
Amarawati,7/12/2023,34,25.6,29.1,34.7,25.6,30.3,19.4,57.4,4.1,100,29.17,rain,0,0,35.3,27.7,288.7,1006,99.2,21.9,186.5,16.1,8,10,2023-07-12T05:57:22,2023-07-12T18:58:03,0.81,"Rain, Overcast",Cloudy skies throughout the day with rain.,rain,"43169099999,remote"
Amarawati,7/13/2023,34.3,25.1,29,35.4,25.1,29.9,19.6,58.6,0.3,100,12.5,rain,0,0,45.7,29.2,260.5,1006,81.6,22.9,212,18.2,9,10,2023-07-13T05:57:41,2023-07-13T18:57:59,0.84,"Rain, Partially cloudy",Partly cloudy throughout the day with rain.,rain,"43169099999,remote"
Amarawati,7/14/2023,32.4,25.4,28.5,34.8,25.4,29.7,20.4,62.6,1,100,16.67,rain,0,0,46.8,32,264.4,1007.2,93.4,22.4,160.3,13.8,7,10,2023-07-14T05:58:00,2023-07-14T18:57:54,0.88,"Rain, Overcast",Cloudy skies throughout the day with rain.,rain,"43169099999,remote"
Amarawati,7/15/2023,33.8,25,29.2,34.9,25,30.2,19.7,58.4,1.2,100,16.67,rain,0,0,46.8,31.3,284.8,1007.3,91.2,22.2,249.6,21.6,8,10,2023-07-15T05:58:18,2023-07-15T18:57:48,0.91,"Rain, Overcast",Cloudy skies throughout the day with late afternoon rain.,rain,"43169099999,remote"
Amarawati,7/16/2023,33.8,25.9,29.6,34.9,25.9,30.6,19.3,55.4,0.2,100,8.33,rain,0,0,42.5,29.5,276.8,1006.7,99.2,23.5,198.4,17.1,7,10,2023-07-16T05:58:37,2023-07-16T18:57:40,0.95,"Rain, Overcast",Cloudy skies throughout the day with late afternoon rain.,rain,"43169099999,remote"
Amarawati,7/17/2023,31.1,25.8,27.9,33.5,25.8,28.9,20.1,63.1,4.2,100,37.5,rain,0,0,43.2,32.8,268.1,1006.3,96,23.3,118.7,10.1,7,10,2023-07-17T05:58:56,2023-07-17T18:57:32,0.98,"Rain, Overcast",Cloudy skies throughout the day with rain.,rain,"43169099999,remote"
Amarawati,7/18/2023,26.2,24.4,25.2,26.2,24.4,25.2,21,77.4,4.2,100,66.67,rain,0,0,54.4,31,257.6,1006,99.2,20.7,43.3,3.6,3,10,2023-07-18T05:59:15,2023-07-18T18:57:23,0,"Rain, Overcast",Cloudy skies throughout the day with a chance of rain throughout the day.,rain,"43169099999,remote"
Amarawati,7/19/2023,25.4,22.4,23.9,25.4,22.4,23.9,20.9,83.8,14.5,100,70.83,rain,0,0,64.1,34.6,255.8,1004.3,98.3,16.9,21.4,1.7,1,10,2023-07-19T05:59:34,2023-07-19T18:57:13,0.05,"Rain, Overcast",Cloudy skies throughout the day with a chance of rain throughout the day.,rain,"43169099999,remote"
Amarawati,7/20/2023,27.1,23.7,24.8,29,23.7,25,20.8,78.6,3,100,50,rain,0,0,62.6,32.8,263.1,1004.2,99.1,22.7,77.2,6.6,5,10,2023-07-20T05:59:52,2023-07-20T18:57:02,0.08,"Rain, Overcast",Cloudy skies throughout the day with a chance of rain throughout the day.,rain,remote
Amarawati,7/21/2023,26.3,23.1,25,26.3,23.1,25,21,78.7,0.8,100,25,rain,0,0,55.1,29.9,263.3,1005.1,99.1,23.5,39.6,3.3,1,10,2023-07-21T06:00:11,2023-07-21T18:56:50,0.12,"Rain, Overcast",Cloudy skies throughout the day with rain.,rain,"43169099999,remote"
Amarawati,7/22/2023,28.7,24.3,25.6,30.8,24.3,26,21.5,78.2,4.2,100,50,rain,0,0,50.8,33.8,258.8,1006,96.3,22,110.8,9.6,4,10,2023-07-22T06:00:29,2023-07-22T18:56:37,0.15,"Rain, Overcast",Cloudy skies throughout the day with a chance of rain throughout the day.,rain,"43169099999,remote"
Amarawati,7/23/2023,27.1,23.9,24.9,30.3,23.9,25.1,21.9,83.6,10.5,100,70.83,rain,0,0,53.6,31,253.4,1006.5,96.8,18.8,42.3,3.6,2,10,2023-07-23T06:00:47,2023-07-23T18:56:23,0.18,"Rain, Overcast",Cloudy skies throughout the day with a chance of rain throughout the day.,rain,"43169099999,remote"
Amarawati,7/24/2023,28.1,23.5,24.7,30.4,23.5,24.8,21.8,84.5,18.6,100,66.67,rain,0,0,52.2,25.9,261.7,1006,97.1,17.2,26.8,2.4,1,10,2023-07-24T06:01:05,2023-07-24T18:56:08,0.22,"Rain, Overcast",Cloudy skies throughout the day with a chance of rain throughout the day.,rain,"43169099999,remote"
Amarawati,7/25/2023,26.1,23.2,24,26.1,23.2,24,21.8,87.8,13.9,100,75,rain,0,0,52.2,28.1,262.4,1006.7,97.5,16.2,29.9,2.5,2,10,2023-07-25T06:01:23,2023-07-25T18:55:52,0.25,"Rain, Overcast",Cloudy skies throughout the day with a chance of rain throughout the day.,rain,"43169099999,remote"
Amarawati,7/26/2023,26.5,22.7,24.2,26.5,22.7,24.2,21.8,86.7,31.4,100,79.17,rain,0,0,58.3,30.2,265.2,1007.1,98.6,12,65.5,5.6,5,10,2023-07-26T06:01:40,2023-07-26T18:55:35,0.25,"Rain, Overcast",Cloudy skies throughout the day with a chance of rain throughout the day.,rain,"43169099999,remote"
Amarawati,7/27/2023,24.7,22.6,23.7,24.7,22.6,23.7,21.6,88,24.4,100,70.83,rain,0,0,61.2,33.1,268.6,1007.5,99.2,16,28.1,2.4,1,10,2023-07-27T06:01:58,2023-07-27T18:55:17,0.32,"Rain, Overcast",Cloudy skies throughout the day with a chance of rain throughout the day.,rain,"43169099999,remote"
Amarawati,7/28/2023,30.6,23.2,26,33.1,23.2,27,21,74.7,0.7,100,20.83,rain,0,0,60.8,34.2,276.2,1007.5,86.7,22.9,217,18.7,8,10,2023-07-28T06:02:15,2023-07-28T18:54:58,0.35,"Rain, Partially cloudy",Partly cloudy throughout the day with rain.,rain,"43169099999,remote"
Amarawati,7/29/2023,31.2,23.6,26.8,33.2,23.6,27.6,20.3,68.2,0.1,100,4.17,rain,0,0,50.8,33.8,284.5,1007.9,75.6,23.5,219.1,18.9,8,10,2023-07-29T06:02:32,2023-07-29T18:54:38,0.38,"Rain, Partially cloudy",Partly cloudy throughout the day with afternoon rain.,rain,"43169099999,remote"
Amarawati,7/30/2023,31.3,24,27.3,33.2,24,28.3,20.5,67.3,0.1,100,4.17,rain,0,0,47.9,33.8,278.8,1007.6,94,22.9,240.5,20.8,9,10,2023-07-30T06:02:48,2023-07-30T18:54:18,0.42,"Rain, Overcast",Cloudy skies throughout the day with afternoon rain.,rain,"43169099999,remote"
Amarawati,7/31/2023,31.1,24.1,27.4,35.4,24.1,28.6,20.6,67.3,3,100,20.83,rain,0,0,50.8,32.8,274.6,1007,92.3,22.2,175.3,15.2,7,10,2023-07-31T06:03:04,2023-07-31T18:53:56,0.45,"Rain, Overcast",Cloudy skies throughout the day with rain.,rain,"43169099999,remote"
Amarawati,8/1/2023,31.4,24.3,27.3,33.4,24.3,28.3,20.6,67.5,0.3,100,8.33,rain,0,0,49,34.9,272.4,1007,92.4,23.5,167.5,14.5,8,10,2023-08-01T06:03:20,2023-08-01T18:53:33,0.48,"Rain, Overcast",Cloudy skies throughout the day with rain.,rain,"43169099999,remote"
Amarawati,8/2/2023,31.1,24.7,27.4,32.8,24.7,28.3,20.2,65.9,0.4,100,12.5,rain,0,0,51.5,35.3,270.2,1007.5,94.9,22.9,144.3,12.4,6,10,2023-08-02T06:03:36,2023-08-02T18:53:10,0.5,"Rain, Overcast",Cloudy skies throughout the day with rain in the morning and afternoon.,rain,"43169099999,remote"
Amarawati,8/3/2023,30.9,24.3,27.3,32.6,24.3,28.1,19.8,64.5,0.2,100,8.33,rain,0,0,49.7,35.6,266.6,1007.2,95.8,22.9,146,12.7,7,10,2023-08-03T06:03:52,2023-08-03T18:52:45,0.55,"Rain, Overcast",Cloudy skies throughout the day with rain.,rain,"43169099999,remote"
Amarawati,8/4/2023,32.4,24,27.7,34.8,24,28.7,20,63.9,0.3,100,12.5,rain,0,0,48.2,30.2,263.9,1008.5,81.3,22.9,175.3,15.1,7,10,2023-08-04T06:04:07,2023-08-04T18:52:20,0.59,"Rain, Partially cloudy",Partly cloudy throughout the day with rain.,rain,"43169099999,remote"
Amarawati,8/5/2023,33.1,24,28.1,36.3,24,29.1,20,62.5,0.1,100,4.17,rain,0,0,39.6,27.7,268.7,1010.1,83,23.5,194.2,16.7,7,10,2023-08-05T06:04:22,2023-08-05T18:51:54,0.62,"Rain, Partially cloudy",Partly cloudy throughout the day with late afternoon rain.,rain,"43169099999,remote"
Amarawati,8/6/2023,33.6,24.3,28.5,35,24.3,29.6,19.9,60.9,0.5,100,20.83,rain,0,0,38.5,30.2,268.6,1009.3,68,24,205.3,17.6,9,10,2023-08-06T06:04:36,2023-08-06T18:51:26,0.65,"Rain, Partially cloudy",Partly cloudy throughout the day with rain.,rain,remote
Amarawati,8/7/2023,31.1,24.2,28.2,32.9,24.2,29.1,19.6,60.5,0.1,100,4.17,rain,0,0,42.1,28.8,272.2,1007.6,96.1,22.9,143.3,12.4,7,10,2023-08-07T06:04:50,2023-08-07T18:50:58,0.69,"Rain, Overcast",Cloudy skies throughout the day with late afternoon rain.,rain,"43169099999,remote"
Amarawati,8/8/2023,34.7,24,29,35.7,24,29.9,19.4,58.2,0.1,100,4.17,rain,0,0,40.7,31,269.7,1007.6,90.1,22.4,251.5,21.8,9,10,2023-08-08T06:05:04,2023-08-08T18:50:29,0.75,"Rain, Overcast",Cloudy skies throughout the day with afternoon rain.,rain,"43169099999,remote"
Amarawati,8/9/2023,33.7,24.9,29.3,34.8,24.9,30.2,19.5,56.8,0.5,100,12.5,rain,0,0,38.9,23.8,279.9,1009.4,97.9,22.9,209.8,18.3,7,10,2023-08-09T06:05:18,2023-08-09T18:50:00,0.76,"Rain, Overcast",Cloudy skies throughout the day with rain.,rain,"43169099999,remote"
Amarawati,8/10/2023,33.9,26,30,35.5,26,30.8,18.8,52.7,0.1,100,4.17,rain,0,0,34.6,22,291.8,1009.4,82.1,23.1,176.8,15.3,10,10,2023-08-10T06:05:31,2023-08-10T18:49:29,0.79,"Rain, Partially cloudy",Partly cloudy throughout the day with afternoon rain.,rain,"43169099999,remote"
Amarawati,8/11/2023,33.6,24.8,29.6,34.9,24.8,30.5,19,54.2,0.1,100,4.17,rain,0,0,32.8,21.2,298.2,1009,67.8,22.9,205.7,17.6,9,10,2023-08-11T06:05:44,2023-08-11T18:48:58,0.82,"Rain, Partially cloudy",Partly cloudy throughout the day with late afternoon rain.,rain,"43169099999,remote"
Amarawati,8/12/2023,33.4,25.2,29.6,34.2,25.2,30.4,18.8,53.9,3.1,100,29.17,rain,0,0,41.8,28.8,287.2,1008.5,83.5,23.4,192.8,16.7,9,10,2023-08-12T06:05:57,2023-08-12T18:48:26,0.86,"Rain, Partially cloudy",Partly cloudy throughout the day with a chance of rain throughout the day.,rain,"43169099999,remote"
Amarawati,8/13/2023,33.8,24.8,29.2,34.4,24.8,29.9,18.6,54.2,0,0,0,,0,0,40.7,27,282,1008.1,97.5,23.5,245.1,21.2,9,10,2023-08-13T06:06:09,2023-08-13T18:47:53,0.89,Overcast,Cloudy skies throughout the day.,cloudy,"43169099999,remote"
Amarawati,8/14/2023,34.8,24.6,29.6,34.5,24.6,30,17.9,51.5,1.1,100,12.5,rain,0,0,33.5,25.6,275.1,1008.3,90.1,22.7,245.3,21.3,9,10,2023-08-14T06:06:21,2023-08-14T18:47:19,0.93,"Rain, Overcast",Cloudy skies throughout the day with late afternoon rain.,rain,"43169099999,remote"
Amarawati,8/15/2023,33.5,24.9,29.4,34.1,24.9,30,18.6,53.8,0.8,100,8.33,rain,0,0,34.6,27,271.5,1008.7,73.4,23.5,209.2,18.1,10,10,2023-08-15T06:06:32,2023-08-15T18:46:44,0.96,"Rain, Partially cloudy",Partly cloudy throughout the day with early morning rain.,rain,"43169099999,remote"
Amarawati,8/16/2023,34.1,24.7,29.5,35.7,24.7,30.2,18.7,54,1,100,16.67,rain,0,0,33.8,21.6,279.7,1008.7,44,22.9,213.8,18.4,9,10,2023-08-16T06:06:44,2023-08-16T18:46:09,0,"Rain, Partially cloudy",Becoming cloudy in the afternoon with rain.,rain,"43169099999,remote"
Amarawati,8/17/2023,32.9,25.1,29.2,33.5,25.1,30,18.9,55.2,1,100,20.83,rain,0,0,43.9,30.2,282.2,1008.2,83.2,23.5,169,14.6,7,10,2023-08-17T06:06:55,2023-08-17T18:45:33,0.03,"Rain, Partially cloudy",Partly cloudy throughout the day with a chance of rain throughout the day.,rain,"43169099999,remote"
Amarawati,8/18/2023,33.8,24.6,28.8,34,24.6,29.4,18.6,55.8,0.5,100,16.67,rain,0,0,41.8,28.4,291,1007.3,94.4,22.8,174.1,14.9,7,10,2023-08-18T06:07:05,2023-08-18T18:44:57,0.06,"Rain, Overcast",Cloudy skies throughout the day with rain.,rain,"43169099999,remote"
Amarawati,8/19/2023,30.7,24,26.7,31.9,24,27.4,19.6,65.5,1.8,100,33.33,rain,0,0,41.8,28.1,276.6,1006.9,98.1,22.7,103.6,9,6,10,2023-08-19T06:07:16,2023-08-19T18:44:19,0.1,"Rain, Overcast",Cloudy skies throughout the day with a chance of rain throughout the day.,rain,"43169099999,remote"
Amarawati,8/20/2023,34.4,23.8,28.9,35,23.8,29.7,19.5,59.1,0.1,100,4.17,rain,0,0,37.1,28.8,276.9,1005.9,41.6,22.9,307.7,26.4,10,10,2023-08-20T06:07:26,2023-08-20T18:43:41,0.13,"Rain, Partially cloudy",Partly cloudy throughout the day with morning rain.,rain,"43169099999,remote"
Amarawati,8/21/2023,36.3,24.6,30.3,36.1,24.6,30.8,18.1,51.1,0.1,100,4.17,rain,0,0,36,22.3,278.2,1006.1,43.6,22.9,306.1,26.5,10,10,2023-08-21T06:07:35,2023-08-21T18:43:03,0.17,"Rain, Partially cloudy",Partly cloudy throughout the day with late afternoon rain.,rain,"43169099999,remote"
Amarawati,8/22/2023,35.7,26.1,31.2,36.2,26.1,32.1,18.2,48.1,1.4,100,20.83,rain,0,0,39.2,27.7,276.2,1006.1,86.2,23.2,254.6,22,10,10,2023-08-22T06:07:45,2023-08-22T18:42:23,0.2,"Rain, Partially cloudy",Partly cloudy throughout the day with rain clearing later.,rain,"43169099999,remote"
Amarawati,8/23/2023,34.9,25.7,30.4,35,25.7,31.1,18.1,49.4,0,0,0,,0,0,36.4,28.1,274.2,1007,98.6,24.1,251.3,21.8,8,10,2023-08-23T06:07:54,2023-08-23T18:41:44,0.23,Overcast,Cloudy skies throughout the day.,cloudy,remote
Amarawati,8/24/2023,34.8,25.3,29.6,35.6,25.3,30.4,18.7,53.4,0.1,100,4.17,rain,0,0,35.6,26.3,273.3,1006.8,95.9,23.5,254.5,22,9,10,2023-08-24T06:08:03,2023-08-24T18:41:03,0.25,"Rain, Overcast",Cloudy skies throughout the day with late afternoon rain.,rain,"43169099999,remote"
Amarawati,8/25/2023,34.6,25.4,29.7,35.8,25.4,30.8,19.5,55.7,2.3,100,25,rain,0,0,37.4,25.9,262.7,1006.6,95.3,23.4,213.2,18.4,9,10,2023-08-25T06:08:11,2023-08-25T18:40:22,0.3,"Rain, Overcast",Cloudy skies throughout the day with rain.,rain,"43169099999,remote"
Amarawati,8/26/2023,34.8,25.6,30,35.8,25.6,30.9,19.4,55,0.4,100,16.67,rain,0,0,38.9,26.3,268.3,1007.6,91.4,23.4,200.5,17.2,9,10,2023-08-26T06:08:19,2023-08-26T18:39:41,0.34,"Rain, Overcast",Cloudy skies throughout the day with rain.,rain,"43169099999,remote"
Amarawati,8/27/2023,36,24.4,30.4,36.4,24.4,30.9,18,49.4,0.1,100,4.17,rain,0,0,36.7,33.5,284.8,1008.3,62.2,22.9,303.8,26.2,10,10,2023-08-27T06:08:27,2023-08-27T18:38:59,0.37,"Rain, Partially cloudy",Clearing in the afternoon with late afternoon rain.,rain,"43169099999,remote"
Amarawati,8/28/2023,35.9,24.8,29.9,36.4,24.8,30.6,18.4,51.9,0.1,100,4.17,rain,0,0,40,30.6,284.8,1008,50.1,24.1,259.5,22.5,10,10,2023-08-28T06:08:35,2023-08-28T18:38:16,0.4,"Rain, Partially cloudy",Partly cloudy throughout the day with late afternoon rain.,rain,remote
Amarawati,8/29/2023,34.9,24.4,29.5,35.4,24.4,29.9,18.1,52.3,0,0,0,,0,0,37.8,22.3,289.9,1007.6,45.5,23.5,243.8,21.2,10,10,2023-08-29T06:08:43,2023-08-29T18:37:33,0.44,Partially cloudy,Partly cloudy throughout the day.,partly-cloudy-day,"43169099999,remote"
Amarawati,8/30/2023,33.8,25.4,29.1,35,25.4,29.9,18.7,54.6,0.8,100,20.83,rain,0,0,32.8,20.2,276.3,1007.6,43.6,22.9,161.9,14.1,9,10,2023-08-30T06:08:50,2023-08-30T18:36:49,0.47,"Rain, Partially cloudy",Becoming cloudy in the afternoon with rain.,rain,"43169099999,remote"
Amarawati,8/31/2023,37,27.5,31,37,28.5,31.5,17,44.9,0,0,0,,0,0,23.8,17.6,8.7,1007,58.1,23.5,274.2,23.6,10,10,2023-08-31T06:08:57,2023-08-31T18:36:05,0.5,Partially cloudy,Clearing in the afternoon.,partly-cloudy-day,"43169099999,remote"
Amarawati,9/1/2023,36.7,26.1,31.3,37,26.1,32,18,47.2,0,0,0,,0,0,16.9,13.3,117,1006.8,25.4,23.5,287.3,24.9,10,10,2023-09-01T06:09:04,2023-09-01T18:35:21,0.54,Partially cloudy,Becoming cloudy in the afternoon.,partly-cloudy-day,"43169099999,remote"
Amarawati,9/2/2023,34.3,26.8,30.6,37,28.5,32.4,19.9,53.9,2.3,100,33.33,rain,0,0,31.7,21.2,255.4,1006.7,94.5,23,210.3,18.2,9,10,2023-09-02T06:09:11,2023-09-02T18:34:36,0.57,"Rain, Overcast",Cloudy skies throughout the day with a chance of rain throughout the day.,rain,"43169099999,remote"
Amarawati,9/3/2023,28.7,24.1,26.4,32.5,24.1,27.3,21.5,75,13.1,100,58.33,rain,0,0,36.7,24.1,294,1007.1,95.6,17.9,55,4.7,2,10,2023-09-03T06:09:17,2023-09-03T18:33:51,0.61,"Rain, Overcast",Cloudy skies throughout the day with rain.,rain,"43169099999,remote"
Amarawati,9/4/2023,28.7,22.3,23.9,32.5,22.3,24,21.9,88.7,18.5,100,83.33,rain,0,0,36.7,21.6,283.4,1006,97.9,16.6,13.7,1.2,1,10,2023-09-04T06:09:23,2023-09-04T18:33:06,0.64,"Rain, Overcast",Cloudy skies throughout the day with a chance of rain throughout the day.,rain,"43169099999,remote"
Amarawati,9/5/2023,26.1,20.8,22.8,26.1,20.8,22.8,20.9,88.9,14.5,100,83.33,rain,0,0,44.6,21.6,266,1006,97.9,17.6,19,1.5,1,10,2023-09-05T06:09:29,2023-09-05T18:32:20,0.67,"Rain, Overcast",Cloudy skies throughout the day with a chance of rain throughout the day.,rain,"43169099999,remote"
Amarawati,9/6/2023,31.5,22.6,26.7,33.9,22.6,27.8,20.8,71.5,0.7,100,12.5,rain,0,0,47.2,24.5,262.9,1005,100,23.3,221.7,19.1,9,10,2023-09-06T06:09:35,2023-09-06T18:31:34,0.71,"Rain, Overcast",Cloudy skies throughout the day with rain clearing later.,rain,"43169099999,remote"
Amarawati,9/7/2023,33.5,23.6,27.9,34.6,23.6,28.7,19.7,62.5,0,0,0,,0,0,45.7,29.2,267.5,1005.3,77.4,23.5,285.3,24.6,10,10,2023-09-07T06:09:41,2023-09-07T18:30:47,0.75,Partially cloudy,Partly cloudy throughout the day.,partly-cloudy-day,"43169099999,remote"
Amarawati,9/8/2023,31,24.2,26.7,33.1,24.2,27.5,20.6,69.9,1.8,100,20.83,rain,0,0,49.3,35.6,256.7,1006.6,91.4,21.5,168.9,14.6,8,10,2023-09-08T06:09:47,2023-09-08T18:30:01,0.77,"Rain, Overcast",Cloudy skies throughout the day with rain.,rain,"43169099999,remote"
Amarawati,9/9/2023,32.7,23.6,27.2,35.5,23.6,28.4,20.7,68.6,0.8,100,12.5,rain,0,0,46.1,31,269,1006.1,73.5,23.5,154.3,13.3,9,10,2023-09-09T06:09:53,2023-09-09T18:29:14,0.81,"Rain, Partially cloudy",Partly cloudy throughout the day with rain.,rain,"43169099999,remote"
Amarawati,9/10/2023,32.7,24.4,27.7,34.4,24.4,28.7,20.2,64.9,0.7,100,8.33,rain,0,0,43.9,26.6,268.3,1006,87.6,22.2,145.9,12.8,9,10,2023-09-10T06:09:58,2023-09-10T18:28:27,0.84,"Rain, Partially cloudy",Partly cloudy throughout the day with early morning rain.,rain,"43169099999,remote"
Amarawati,9/11/2023,33.8,23.9,28.5,35.6,23.9,29.6,20,61.7,0.2,100,8.33,rain,0,0,48.6,29.5,275.4,1006,78.2,22.9,231,20,10,10,2023-09-11T06:10:04,2023-09-11T18:27:39,0.87,"Rain, Partially cloudy",Partly cloudy throughout the day with rain.,rain,"43169099999,remote"
Amarawati,9/12/2023,33.6,24.3,28.7,34,24.3,29.2,18.9,57.3,0.1,100,4.17,rain,0,0,47.5,30.2,284.4,1006.7,83.9,23.5,289.2,25,10,10,2023-09-12T06:10:09,2023-09-12T18:26:52,0.91,"Rain, Partially cloudy",Partly cloudy throughout the day with early morning rain.,rain,"43169099999,remote"
Amarawati,9/13/2023,33.5,24.3,28.3,33.9,24.3,29,19.1,58.9,0.3,100,8.33,rain,0,0,46.1,27,286.4,1006.7,77.5,22.9,277,24,10,10,2023-09-13T06:10:14,2023-09-13T18:26:04,0.94,"Rain, Partially cloudy",Partly cloudy throughout the day with late afternoon rain.,rain,"43169099999,remote"
Amarawati,9/14/2023,34.2,23.8,28.6,34.5,23.8,29.2,18.7,57,0,0,0,,0,0,43.9,27.7,265.3,1006.5,93.2,23.5,249.9,21.6,9,10,2023-09-14T06:10:20,2023-09-14T18:25:16,0.97,Overcast,Cloudy skies throughout the day.,cloudy,"43169099999,remote"
Amarawati,9/15/2023,35.2,23.8,28.9,35.1,23.8,29.4,18.9,57.5,0.1,100,4.17,rain,0,0,47.2,31.7,260.3,1006.3,90.3,24.1,279.5,24.2,10,10,2023-09-15T06:10:25,2023-09-15T18:24:28,0,"Rain, Overcast",Cloudy skies throughout the day with late afternoon rain.,rain,remote
Amarawati,9/16/2023,33.9,24.1,28.4,35.5,24.1,29.2,19.7,60.9,0.2,100,8.33,rain,0,0,47.2,28.8,257.4,1006.8,89.6,22.9,215.3,18.7,9,10,2023-09-16T06:10:30,2023-09-16T18:23:40,0.04,"Rain, Partially cloudy",Partly cloudy throughout the day with afternoon rain.,rain,"43169099999,remote"
Amarawati,9/17/2023,34.9,23.4,28.5,35.8,23.4,29.2,19.2,59.2,0,0,0,rain,0,0,43.9,26.6,257.3,1006.4,54.3,24.1,244.3,21,10,10,2023-09-17T06:10:35,2023-09-17T18:22:52,0.08,Partially cloudy,Partly cloudy throughout the day.,partly-cloudy-day,remote
Amarawati,9/18/2023,34.5,23.4,28.4,35.4,23.4,29.2,19.2,59.6,0.1,100,4.17,rain,0,0,40.7,24.5,258.6,1006.6,70.7,23.5,223.1,19,9,10,2023-09-18T06:10:40,2023-09-18T18:22:04,0.11,"Rain, Partially cloudy",Partly cloudy throughout the day with late afternoon rain.,rain,"43169099999,remote"
Amarawati,9/19/2023,35,23.9,29.1,36.2,23.9,29.9,19.3,57.6,1.1,100,25,rain,0,0,41.4,22.7,264,1007.8,71.2,23.5,226.9,19.5,9,10,2023-09-19T06:10:46,2023-09-19T18:21:16,0.15,"Rain, Partially cloudy",Partly cloudy throughout the day with rain.,rain,"43169099999,remote"
Amarawati,9/20/2023,35,24.3,29.1,36.6,24.3,30.3,19.9,59.1,0.2,100,4.17,rain,0,0,40,23.8,263.5,1008,76.4,23.5,236.1,20.3,9,10,2023-09-20T06:10:51,2023-09-20T18:20:28,0.18,"Rain, Partially cloudy",Partly cloudy throughout the day with afternoon rain.,rain,"43169099999,remote"
Amarawati,9/21/2023,32.4,24.6,28.4,34.7,24.6,29.7,20.5,63.4,2.1,100,33.33,rain,0,0,38.9,24.5,260.3,1008.1,93.8,22.8,166,14.1,8,10,2023-09-21T06:10:57,2023-09-21T18:19:40,0.22,"Rain, Overcast",Cloudy skies throughout the day with rain.,rain,"43169099999,remote"
Amarawati,9/22/2023,32.4,24.3,28.1,34.6,24.3,29.3,20.7,65.6,1.1,100,16.67,rain,0,0,37.8,18.7,280.5,1008.1,97.8,22.2,165.2,14.3,8,10,2023-09-22T06:11:02,2023-09-22T18:18:52,0.25,"Rain, Overcast",Cloudy skies throughout the day with rain.,rain,"43169099999,remote"
Amarawati,9/23/2023,33.1,24.7,28.4,35.7,24.7,30,21.3,66.6,2.2,100,25,rain,0,0,27,16.2,279.5,1008.2,96.8,23.3,169,14.5,9,30,2023-09-23T06:11:08,2023-09-23T18:18:04,0.25,"Rain, Overcast",Cloudy skies throughout the day with rain.,rain,"43169099999,remote"
Amarawati,9/24/2023,31.3,24.7,27.3,34.2,24.7,28.6,21.8,72.6,9.1,100,54.17,rain,0,0,35.3,20.2,285.2,1008.4,97,20.9,131,11.3,7,30,2023-09-24T06:11:13,2023-09-24T18:17:16,0.32,"Rain, Overcast",Cloudy skies throughout the day with a chance of rain throughout the day.,rain,"43169099999,remote"
Amarawati,9/25/2023,31.3,23.7,26.8,33.3,23.7,27.8,21.3,73,5.9,100,25,rain,0,0,36.7,19.1,290.5,1007.6,98.3,21.8,181.5,15.7,8,10,2023-09-25T06:11:19,2023-09-25T18:16:28,0.36,"Rain, Overcast",Cloudy skies throughout the day with rain.,rain,"43169099999,remote"
Amarawati,9/26/2023,30.9,23.6,27.1,32.6,23.6,28.2,21,70.7,1.4,100,12.5,rain,0,0,32,15.1,296.8,1006.9,82.3,22.9,204.2,17.5,9,10,2023-09-26T06:11:25,2023-09-26T18:15:41,0.39,"Rain, Partially cloudy",Partly cloudy throughout the day with rain clearing later.,rain,"43169099999,remote"
Amarawati,9/27/2023,31.2,24.1,27.9,33.9,24.1,29.2,20.7,65.9,0.1,100,4.17,rain,0,0,29.9,17.6,250.9,1006.7,69.6,23.5,164.1,14.1,7,10,2023-09-27T06:11:31,2023-09-27T18:14:54,0.43,"Rain, Partially cloudy",Partly cloudy throughout the day with afternoon rain.,rain,"43169099999,remote"
Amarawati,9/28/2023,31.5,23.5,27.5,34,23.5,28.8,21.2,69.6,0.3,100,12.5,rain,0,0,32.8,20.9,236.2,1006.4,93.3,24.1,176.8,15.3,8,30,2023-09-28T06:11:38,2023-09-28T18:14:06,0.46,"Rain, Overcast",Cloudy skies throughout the day with rain.,rain,remote
Amarawati,9/29/2023,32.4,23.6,27.2,34.9,23.6,28.2,21.1,70.6,0.5,100,12.5,rain,0,0,43.2,25.2,238.9,1006.9,64.7,23.5,194,16.7,9,10,2023-09-29T06:11:44,2023-09-29T18:13:20,0.5,"Rain, Partially cloudy",Partly cloudy throughout the day with rain.,rain,"43169099999,remote"
Amarawati,9/30/2023,32.8,23.2,27.3,35,23.2,28.4,20.3,66.8,0,0,0,,0,0,40,28.1,232.6,1007.2,87.6,24.1,222.6,19.4,9,10,2023-09-30T06:11:51,2023-09-30T18:12:33,0.53,Partially cloudy,Partly cloudy throughout the day.,partly-cloudy-day,remote
Amarawati,10/1/2023,31.3,23.6,27,34,23.6,28,20.8,69.9,0.2,100,8.33,rain,0,0,44.6,29.9,234.6,1006.5,72.9,24.1,202.1,17.5,8,10,2023-10-01T06:11:58,2023-10-01T18:11:46,0.56,"Rain, Partially cloudy",Partly cloudy throughout the day with rain.,rain,remote
Amarawati,10/2/2023,30.1,23.6,26.2,31.3,23.6,26.7,19.8,69.2,0.6,100,12.5,rain,0,0,41.4,31,285,1007.5,88.1,23.8,139.5,12.1,7,10,2023-10-02T06:12:05,2023-10-02T18:11:00,0.59,"Rain, Partially cloudy",Partly cloudy throughout the day with morning rain.,rain,remote
Amarawati,10/3/2023,32.8,23.3,27.8,34.4,23.3,28.9,19.9,63.8,0,0,0,rain,0,0,35.3,22.7,299.1,1008.7,85.6,23.5,240.3,20.9,9,10,2023-10-03T06:12:13,2023-10-03T18:10:15,0.63,Partially cloudy,Partly cloudy throughout the day.,partly-cloudy-day,"43169099999,remote"
Amarawati,10/4/2023,33.1,25,28.8,33.1,25,29.3,18.5,55.3,0,0,0,,0,0,19.1,16.6,326.4,1009.3,73.1,23.5,251.4,21.8,8,10,2023-10-04T06:12:20,2023-10-04T18:09:29,0.66,Partially cloudy,Partly cloudy throughout the day.,partly-cloudy-day,"43169099999,remote"
Amarawati,10/5/2023,34.3,24.6,29.3,34.1,24.6,29.3,17.2,50.3,0,0,0,,0,0,18.4,15.8,319.2,1008.9,48.1,22.9,256.3,22,10,10,2023-10-05T06:12:29,2023-10-05T18:08:44,0.69,Partially cloudy,Partly cloudy throughout the day.,partly-cloudy-day,"43169099999,remote"
Amarawati,10/6/2023,34,25,29.2,33.3,25,29.1,15.4,44.2,0,0,0,,0,0,25.6,14.4,9.4,1008.4,41.9,23.5,288.7,24.9,10,10,2023-10-06T06:12:37,2023-10-06T18:08:00,0.75,Partially cloudy,Partly cloudy throughout the day.,partly-cloudy-day,"43169099999,remote"
Amarawati,10/7/2023,34.1,23.6,28.5,33.1,23.6,28.3,15.4,46.7,0,0,0,,0,0,23.4,13,27.5,1008.7,38.4,22.9,289,24.9,10,10,2023-10-07T06:12:46,2023-10-07T18:07:15,0.76,Partially cloudy,Partly cloudy throughout the day.,partly-cloudy-day,"43169099999,remote"
Amarawati,10/8/2023,35,23.7,29,33.6,23.7,28.7,15.4,46.2,0,0,0,,0,0,23,13.7,55.1,1009.7,17.1,23.5,287.2,24.8,10,10,2023-10-08T06:12:55,2023-10-08T18:06:32,0.79,Clear,Clear conditions throughout the day.,clear-day,"43169099999,remote"
Amarawati,10/9/2023,35.6,23.8,29.2,34.7,23.8,29.1,15.9,47.2,0,0,0,,0,0,25.2,14.4,21.7,1011,6.6,22.9,284.8,24.7,10,10,2023-10-09T06:13:04,2023-10-09T18:05:49,0.82,Clear,Clear conditions throughout the day.,clear-day,"43169099999,remote"
Amarawati,10/10/2023,35,24.7,29.6,34.8,24.7,29.8,17.1,48.5,0,0,0,,0,0,37.4,21.6,39.5,1010.7,39.5,22.9,280.8,24.3,9,10,2023-10-10T06:13:14,2023-10-10T18:05:06,0.85,Partially cloudy,Partly cloudy throughout the day.,partly-cloudy-day,"43169099999,remote"
Amarawati,10/11/2023,34,24.7,29.5,34.5,24.7,30.1,17.9,50.8,0,0,0,,0,0,35.3,19.1,55.8,1010.7,47.4,23.5,201.2,17.4,9,10,2023-10-11T06:13:24,2023-10-11T18:04:24,0.89,Partially cloudy,Becoming cloudy in the afternoon.,partly-cloudy-day,"43169099999,remote"
Amarawati,10/12/2023,34.6,24.7,29.4,34.7,24.7,29.7,17.3,49.7,0.1,100,4.17,rain,0,0,32,15.5,79.3,1011.5,35.2,23.5,278.9,24.1,9,10,2023-10-12T06:13:35,2023-10-12T18:03:42,0.92,"Rain, Partially cloudy",Clearing in the afternoon with morning rain.,rain,"43169099999,remote"
Amarawati,10/13/2023,34.7,23.6,28.9,33.7,23.6,28.9,16.3,49,0,0,0,,0,0,32.8,16.9,84.7,1012.5,79.4,23.5,269.8,23.2,9,10,2023-10-13T06:13:46,2023-10-13T18:03:01,0.95,Partially cloudy,Partly cloudy throughout the day.,partly-cloudy-day,"43169099999,remote"
Amarawati,10/14/2023,33.8,24.4,28.9,33.8,24.4,29.1,17,49.8,0,0,0,,0,0,29.5,15.1,81.1,1012.4,63.2,22.9,249.8,21.6,9,10,2023-10-14T06:13:57,2023-10-14T18:02:20,0,Partially cloudy,Partly cloudy throughout the day.,partly-cloudy-day,"43169099999,remote"
Amarawati,10/15/2023,33.5,23.9,28.8,33.3,23.9,28.9,16.7,49.3,0,0,0,,0,0,25.9,12.2,84.4,1011.2,50,22.9,230.5,20,9,10,2023-10-15T06:14:09,2023-10-15T18:01:40,0.02,Partially cloudy,Becoming cloudy in the afternoon.,partly-cloudy-day,"43169099999,remote"
Amarawati,10/16/2023,33.8,23.8,28.5,33.9,23.8,28.8,17.1,51.2,0,0,0,,0,0,22.3,13.3,92.5,1010.9,47.2,23.5,227.9,19.7,9,10,2023-10-16T06:14:21,2023-10-16T18:01:01,0.05,Partially cloudy,Becoming cloudy in the afternoon.,partly-cloudy-day,"43169099999,remote"
Amarawati,10/17/2023,34.5,23.3,28.6,34.3,23.3,28.7,17.3,52.6,1.2,100,12.5,rain,0,0,31,15.5,78.4,1012,44.3,22,257.9,22.3,9,10,2023-10-17T06:14:34,2023-10-17T18:00:23,0.09,"Rain, Partially cloudy",Partly cloudy throughout the day with early morning rain.,rain,"43169099999,remote"
Amarawati,10/18/2023,33.8,22.9,27.9,33.2,22.9,28,16.3,50.9,0,0,0,,0,0,23.4,17.3,82.2,1012.7,20.1,22.9,275.3,23.8,9,10,2023-10-18T06:14:48,2023-10-18T17:59:45,0.12,Partially cloudy,Partly cloudy throughout the day.,partly-cloudy-day,"43169099999,remote"
Amarawati,10/19/2023,34,22.7,27.8,33.3,22.7,27.8,16.1,51.2,0,0,0,,0,0,27,15.8,79.6,1012.6,22.2,22.9,274.4,23.8,9,10,2023-10-19T06:15:01,2023-10-19T17:59:08,0.16,Partially cloudy,Partly cloudy throughout the day.,partly-cloudy-day,"43169099999,remote"
Amarawati,10/20/2023,34.1,22.7,28,33.5,22.7,28,16.4,51.7,0,0,0,,0,0,30.6,15.5,76.8,1012.5,17.1,22.9,269.5,23.4,9,10,2023-10-20T06:15:16,2023-10-20T17:58:31,0.2,Clear,Clear conditions throughout the day.,clear-day,"43169099999,remote"
Amarawati,10/21/2023,34.1,22.4,27.8,33.3,22.4,27.8,16.5,52.4,0.1,100,4.17,rain,0,0,35.6,15.1,69,1013,24.4,22.9,273,23.8,9,10,2023-10-21T06:15:31,2023-10-21T17:57:56,0.23,"Rain, Partially cloudy",Partly cloudy throughout the day with late afternoon rain.,rain,"43169099999,remote"
Amarawati,10/22/2023,33.9,22.9,27.7,32.7,22.9,27.5,15.5,50.6,0.9,100,20.83,rain,0,0,48.2,21.2,48.6,1013.3,65.4,22.8,265.7,23.1,9,10,2023-10-22T06:15:46,2023-10-22T17:57:21,0.25,"Rain, Partially cloudy",Partly cloudy throughout the day with early morning rain.,rain,"43169099999,remote"
Amarawati,10/23/2023,33.7,21.1,26.7,31.6,21.1,26.1,11.5,40.9,0,0,0,,0,0,33.1,22,41.6,1012.5,46.5,24.1,275,23.7,9,10,2023-10-23T06:16:02,2023-10-23T17:56:47,0.3,Partially cloudy,Partly cloudy throughout the day.,partly-cloudy-day,remote
Amarawati,10/24/2023,33.3,20.5,26.3,31.4,20.5,25.7,12,43.6,0,0,0,,0,0,44.6,16.9,46.7,1012.3,48.2,22.9,274.2,23.8,9,10,2023-10-24T06:16:18,2023-10-24T17:56:14,0.34,Partially cloudy,Becoming cloudy in the afternoon.,partly-cloudy-day,"43169099999,remote"
Amarawati,10/25/2023,33.1,19.9,26.2,31.3,19.9,25.6,11.8,43.5,0,0,0,,0,0,41.8,19.1,47.2,1013.4,89.9,23.5,242.7,21,9,10,2023-10-25T06:16:35,2023-10-25T17:55:42,0.37,Partially cloudy,Partly cloudy throughout the day.,partly-cloudy-day,"43169099999,remote"
Amarawati,10/26/2023,32.6,20.3,25.9,30.6,20.3,25.3,10.6,41,0,0,0,,0,0,37.8,20.2,41.7,1013.8,16.7,22.9,274.4,23.8,9,10,2023-10-26T06:16:53,2023-10-26T17:55:10,0.41,Clear,Clear conditions throughout the day.,clear-day,"43169099999,remote"
Amarawati,10/27/2023,32,19.7,25.3,30.2,19.7,24.8,10.5,41.3,0,0,0,,0,0,31.7,15.5,62.3,1012.7,13.7,22.9,271.3,23.4,9,10,2023-10-27T06:17:11,2023-10-27T17:54:40,0.44,Clear,Clear conditions throughout the day.,clear-day,"43169099999,remote"
Amarawati,10/28/2023,32.1,20.1,26.2,31.8,20.1,26.3,14.8,50.5,0,0,0,,0,0,27.7,14.4,71.3,1012.4,44.4,22.9,244.9,21.1,9,10,2023-10-28T06:17:30,2023-10-28T17:54:10,0.48,Partially cloudy,Becoming cloudy in the afternoon.,partly-cloudy-day,"43169099999,remote"
Amarawati,10/29/2023,32.9,23.1,28,34,23.1,28.7,18.6,58.1,0,0,0,,0,0,24.5,14.8,85.9,1011.4,44.5,24.1,178.6,15.5,9,30,2023-10-29T06:17:49,2023-10-29T17:53:42,0.5,Partially cloudy,Becoming cloudy in the afternoon.,partly-cloudy-day,remote
Amarawati,10/30/2023,31.7,22.7,27.4,32.7,22.7,28,19.2,62.6,0.5,100,20.83,rain,0,0,26.6,15.8,93.9,1011.7,73.7,22.9,182.2,15.8,8,10,2023-10-30T06:18:09,2023-10-30T17:53:14,0.55,"Rain, Partially cloudy",Partly cloudy throughout the day with a chance of rain throughout the day.,rain,"43169099999,remote"
Amarawati,10/31/2023,33.3,22.8,27.7,33,22.8,27.8,18,58.4,2.2,100,25,rain,0,0,34.2,22.3,71.7,1012.3,45.6,22.3,253.2,22,9,10,2023-10-31T06:18:30,2023-10-31T17:52:48,0.58,"Rain, Partially cloudy",Partly cloudy throughout the day with early morning rain.,rain,"43169099999,remote"
Amarawati,11/1/2023,32.8,22.9,27.7,32.9,22.9,27.9,17.8,57.4,0.1,100,4.17,rain,0,0,33.1,19.1,76.9,1012.8,94.4,23.5,216.4,18.5,9,10,2023-11-01T06:18:51,2023-11-01T17:52:22,0.61,"Rain, Overcast",Cloudy skies throughout the day with early morning rain.,rain,"43169099999,remote"
Amarawati,11/2/2023,33.4,23.7,27.9,33.5,23.7,28.2,17.6,54.9,0,0,0,,0,0,24.8,14.4,56.5,1012,77.6,22.9,239,20.6,9,10,2023-11-02T06:19:12,2023-11-02T17:51:57,0.64,Partially cloudy,Partly cloudy throughout the day.,partly-cloudy-day,"43169099999,remote"
Amarawati,11/3/2023,33.3,23.5,28.1,34.3,23.5,29.1,19.7,62,0.8,100,16.67,rain,0,0,25.2,18,77.1,1010.3,58.2,23.1,219.8,18.9,9,10,2023-11-03T06:19:35,2023-11-03T17:51:34,0.67,"Rain, Partially cloudy",Becoming cloudy in the afternoon with rain.,rain,"43169099999,remote"
Amarawati,11/4/2023,32.3,23.6,28.2,33.6,23.6,29,19.6,61.2,0.9,100,12.5,rain,0,0,29.2,14,86.4,1010.1,94,22.8,166.8,14.5,8,10,2023-11-04T06:19:58,2023-11-04T17:51:11,0.71,"Rain, Overcast",Cloudy skies throughout the day with rain.,rain,"43169099999,remote"
Amarawati,11/5/2023,29.2,23.4,26.6,30.8,23.4,27.1,18.4,62.1,0.7,100,8.33,rain,0,0,32,17.6,56.4,1011.5,97.8,22.8,98.5,8.5,4,10,2023-11-05T06:20:21,2023-11-05T17:50:50,0.75,"Rain, Overcast",Cloudy skies throughout the day with early morning rain.,rain,"43169099999,remote"
Amarawati,11/6/2023,28.8,23.4,25.8,30.5,23.4,26.4,19.7,69.6,1.5,100,41.67,rain,0,0,28.4,13.7,86.1,1013.2,75.1,23,91.9,7.9,8,10,2023-11-06T06:20:45,2023-11-06T17:50:30,0.77,"Rain, Partially cloudy",Partly cloudy throughout the day with a chance of rain throughout the day.,rain,"43169099999,remote"
Amarawati,11/7/2023,30.2,23.3,26.5,31.9,23.3,27.3,20.6,71.2,7.9,100,62.5,rain,0,0,26.6,14.8,91.5,1012.9,89,19.1,168.7,14.7,7,30,2023-11-07T06:21:10,2023-11-07T17:50:10,0.8,"Rain, Partially cloudy",Partly cloudy throughout the day with a chance of rain throughout the day.,rain,"43169099999,remote"
Amarawati,11/8/2023,31.9,22.5,27.2,33.1,22.5,28.1,20.4,68.5,1.5,100,16.67,rain,0,0,27,13.3,97.5,1012.3,48.6,23.5,232.8,20.2,9,30,2023-11-08T06:21:35,2023-11-08T17:49:52,0.84,"Rain, Partially cloudy",Partly cloudy throughout the day with rain.,rain,"43169099999,remote"
Amarawati,11/9/2023,30.9,22.9,26.1,32.6,22.9,26.8,20.9,74.4,9.8,100,50,rain,0,0,29.5,15.8,103.9,1013,78.3,19.6,201.6,17.5,8,10,2023-11-09T06:22:01,2023-11-09T17:49:35,0.87,"Rain, Partially cloudy",Partly cloudy throughout the day with a chance of rain throughout the day.,rain,"43169099999,remote"
Amarawati,11/10/2023,30.1,22.1,25.8,31.5,22.1,26.3,19.6,70.3,1.8,100,12.5,rain,0,0,35.6,15.8,105.1,1014.5,36.1,22.1,221.5,19.1,8,10,2023-11-10T06:22:27,2023-11-10T17:49:20,0.9,"Rain, Partially cloudy",Partly cloudy throughout the day with rain.,rain,"43169099999,remote"
Amarawati,11/11/2023,31.3,21.5,25.9,30.8,21.5,25.9,17.5,62.2,0,0,0,,0,0,36.7,15.1,95.7,1014.9,32.6,22.9,236.2,20.5,9,10,2023-11-11T06:22:54,2023-11-11T17:49:05,0.93,Partially cloudy,Partly cloudy throughout the day.,partly-cloudy-day,"43169099999,remote"
Amarawati,11/12/2023,31.8,21.2,26,31.2,21.2,25.9,16.7,58.8,0,0,0,,0,0,32.4,16.9,96.7,1014.7,43.6,22.9,242.3,20.9,9,10,2023-11-12T06:23:22,2023-11-12T17:48:52,0.96,Partially cloudy,Becoming cloudy in the afternoon.,partly-cloudy-day,"43169099999,remote"
Amarawati,11/13/2023,30.7,21.3,25.7,30.8,21.3,25.8,17.2,60.9,0,0,0,,0,0,27.4,15.1,96.3,1014.4,84.8,22.9,221.5,19.1,9,10,2023-11-13T06:23:50,2023-11-13T17:48:39,0,Partially cloudy,Partly cloudy throughout the day.,partly-cloudy-day,"43169099999,remote"
Amarawati,11/14/2023,30.8,21.2,25.6,30.9,21.2,25.8,17.8,63.6,0,0,0,,0,0,27.7,14,106.5,1014,81.9,22.9,213.3,18.4,8,10,2023-11-14T06:24:18,2023-11-14T17:48:28,0.03,Partially cloudy,Partly cloudy throughout the day.,partly-cloudy-day,"43169099999,remote"
Amarawati,11/15/2023,31,21.9,26.3,31,21.9,26.5,17.5,60,0,0,0,,0,0,27.4,14,57,1013,54.6,22.9,234.5,20.3,9,10,2023-11-15T06:24:48,2023-11-15T17:48:18,0.07,Partially cloudy,Partly cloudy throughout the day.,partly-cloudy-day,"43169099999,remote"
Amarawati,11/16/2023,31.8,22,26.8,30.9,22,26.6,15.3,51.3,0.1,100,4.17,rain,0,0,19.1,12.6,33.1,1012.9,37.7,23.5,244.1,21.1,9,10,2023-11-16T06:25:17,2023-11-16T17:48:10,0.1,"Rain, Partially cloudy",Partly cloudy throughout the day with early morning rain.,rain,"43169099999,remote"
Amarawati,11/17/2023,31.6,21.4,26.3,30.8,21.4,26.1,14.3,48.8,0,0,0,,0,0,24.8,14.8,55.8,1013.2,71.3,22.9,239.5,20.7,8,10,2023-11-17T06:25:47,2023-11-17T17:48:02,0.14,Partially cloudy,Partly cloudy throughout the day.,partly-cloudy-day,"43169099999,remote"
Amarawati,11/18/2023,32,21.7,26.6,32.2,21.7,26.8,17.1,57.4,0,0,0,,0,0,31.3,13.3,91.3,1012.8,68.7,22.9,227.3,19.5,8,10,2023-11-18T06:26:18,2023-11-18T17:47:56,0.17,Partially cloudy,Partly cloudy throughout the day.,partly-cloudy-day,"43169099999,remote"
Amarawati,11/19/2023,31.7,21.9,26.7,31.9,21.9,26.9,17.4,58.5,0.1,100,4.17,rain,0,0,36.7,19.4,98.5,1013.1,69.4,23.5,226.5,19.5,8,10,2023-11-19T06:26:49,2023-11-19T17:47:51,0.21,"Rain, Partially cloudy",Partly cloudy throughout the day with early morning rain.,rain,"43169099999,remote"
Amarawati,11/20/2023,31.8,21.5,26.4,30.9,21.5,26.2,15.4,53.1,0,0,0,,0,0,28.4,16.9,73.8,1013.3,83.8,22.9,234.3,20.3,9,10,2023-11-20T06:27:20,2023-11-20T17:47:47,0.25,Partially cloudy,Partly cloudy throughout the day.,partly-cloudy-day,"43169099999,remote"
Amarawati,11/21/2023,31.6,21.8,26.8,32.2,21.8,27.1,17.2,56.6,0,0,0,,0,0,26.6,15.1,54.4,1012.5,84,23.5,221.8,19.2,8,10,2023-11-21T06:27:52,2023-11-21T17:47:45,0.28,Partially cloudy,Partly cloudy throughout the day.,partly-cloudy-day,"43169099999,remote"
Amarawati,11/22/2023,32.4,22.4,27,32.6,22.4,27.4,19,63.7,0.4,100,12.5,rain,0,0,27.7,19.4,81.8,1011.5,65.6,22.8,229.4,19.9,8,10,2023-11-22T06:28:24,2023-11-22T17:47:43,0.32,"Rain, Partially cloudy",Partly cloudy throughout the day with rain clearing later.,rain,"43169099999,remote"
Amarawati,11/23/2023,30.2,23.3,26.3,31.6,23.3,26.8,19.8,68.6,0.7,100,25,rain,0,0,24.8,19.1,95.8,1010.8,93.4,23.1,168.5,14.5,7,10,2023-11-23T06:28:57,2023-11-23T17:47:43,0.35,"Rain, Overcast",Cloudy skies throughout the day with rain.,rain,"43169099999,remote"
Amarawati,11/24/2023,30.8,22.5,25.9,32.3,22.5,26.5,20.2,72.3,3.6,100,33.33,rain,0,0,32,18.7,101.6,1011,91.1,22,140,12.1,7,10,2023-11-24T06:29:30,2023-11-24T17:47:44,0.39,"Rain, Overcast",Cloudy skies throughout the day with rain.,rain,"43169099999,remote"
Amarawati,11/25/2023,29.9,22,25.6,31.4,22,26.2,19.8,71.8,0.4,100,16.67,rain,0,0,36.7,16.6,106.4,1012.8,94.8,22.4,116,10.1,7,10,2023-11-25T06:30:03,2023-11-25T17:47:47,0.42,"Rain, Overcast",Cloudy skies throughout the day with rain.,rain,"43169099999,remote"
Amarawati,11/26/2023,31.6,21.3,26.6,32.1,21.3,27,18.6,63.2,0.1,100,4.17,rain,0,0,36.4,22.3,118.1,1013.5,56.6,23.5,226.9,19.6,8,10,2023-11-26T06:30:37,2023-11-26T17:47:50,0.46,"Rain, Partially cloudy",Partly cloudy throughout the day with late afternoon rain.,rain,"43169099999,remote"
Amarawati,11/27/2023,31.1,20.5,25.7,31.9,20.5,26,18.9,68.2,0.9,100,12.5,rain,0,0,37.4,22.3,122.5,1012.7,36.2,23.5,220,19,8,10,2023-11-27T06:31:11,2023-11-27T17:47:55,0.5,"Rain, Partially cloudy",Partly cloudy throughout the day with late afternoon rain.,rain,"43169099999,remote"
Amarawati,11/28/2023,30.5,21.4,25.7,31.9,21.4,26.3,20,72.1,3.1,100,37.5,rain,0,0,34.2,18,123.4,1011.4,71.7,22.9,152.2,13.2,7,30,2023-11-28T06:31:45,2023-11-28T17:48:01,0.53,"Rain, Partially cloudy",Partly cloudy throughout the day with rain.,rain,"43169099999,remote"
Amarawati,11/29/2023,31.7,20.9,25.9,32.1,20.9,26.3,18.9,67.3,5.7,100,29.17,rain,0,0,32,19.4,110.4,1011.6,79.7,21.3,212.9,18.4,8,10,2023-11-29T06:32:19,2023-11-29T17:48:08,0.56,"Rain, Partially cloudy",Partly cloudy throughout the day with rain.,rain,"43169099999,remote"
Amarawati,11/30/2023,30.2,21.1,25.8,31.2,21.1,26.2,19.5,69.9,1.6,100,29.17,rain,0,0,36.4,18,113.3,1012.6,73.6,21.6,133,11.6,6,10,2023-11-30T06:32:54,2023-11-30T17:48:16,0.59,"Rain, Partially cloudy",Partly cloudy throughout the day with rain.,rain,"43169099999,remote"
Amarawati,12/1/2023,31.8,21.2,26.3,31.1,21.2,26.2,17,59.6,0.3,100,4.17,rain,0,0,30.2,16.2,98.4,1011.8,29.7,23.5,228.5,19.6,8,10,2023-12-01T06:33:28,2023-12-01T17:48:26,0.62,"Rain, Partially cloudy",Partly cloudy throughout the day with early morning rain.,rain,"43169099999,remote"
Amarawati,12/2/2023,31.3,20.6,25.7,30.3,20.6,25.4,15.4,56.1,0,0,0,,0,0,37.8,21.2,84.4,1011.3,45.1,22.9,224.9,19.4,8,10,2023-12-02T06:34:03,2023-12-02T17:48:36,0.66,Partially cloudy,Partly cloudy throughout the day.,partly-cloudy-day,"43169099999,remote"
Amarawati,12/3/2023,31.4,21.7,26.2,31.7,21.7,26.3,17.3,59.4,0.1,100,4.17,rain,0,0,36.7,27.7,75.7,1011.1,67.9,22.9,209.9,18,8,10,2023-12-03T06:34:38,2023-12-03T17:48:48,0.69,"Rain, Partially cloudy",Partly cloudy throughout the day with late afternoon rain.,rain,"43169099999,remote"
Amarawati,12/4/2023,28.9,22.5,25,29.5,22.5,25.2,18.4,67.6,0.4,100,12.5,rain,0,0,34.6,27,41.4,1010.2,98.3,23.4,97.3,8.5,5,10,2023-12-04T06:35:13,2023-12-04T17:49:01,0.72,"Rain, Overcast",Cloudy skies throughout the day with rain.,rain,"43169099999,remote"
Amarawati,12/5/2023,28.7,22.4,25.3,30,22.4,25.6,18.4,66.3,0.6,100,20.83,rain,0,0,36,23.8,11.5,1008.5,82.9,22.7,143.2,12.2,7,10,2023-12-05T06:35:48,2023-12-05T17:49:15,0.75,"Rain, Partially cloudy",Partly cloudy throughout the day with rain in the morning and afternoon.,rain,"43169099999,remote"
Amarawati,12/6/2023,29.1,21.3,24.9,30.2,21.3,25.2,19,70.8,0.1,100,4.17,rain,0,0,33.5,19.8,348.6,1010,95,22.9,139.5,12,6,10,2023-12-06T06:36:23,2023-12-06T17:49:30,0.78,"Rain, Overcast",Cloudy skies throughout the day with afternoon rain.,rain,"43169099999,remote"
Amarawati,12/7/2023,30.8,20.9,24.9,30.4,20.9,25.1,17.8,66.5,0,0,0,,0,0,30.2,17.6,11.8,1011.4,71.8,22.9,212.4,18.3,8,10,2023-12-07T06:36:58,2023-12-07T17:49:47,0.82,Partially cloudy,Partly cloudy throughout the day.,partly-cloudy-day,"43169099999,remote"
Amarawati,12/8/2023,30.5,20.7,25.7,30.7,20.7,25.9,17.6,63.1,0,0,0,,0,0,24.1,12.6,38.4,1012.1,90.7,23.5,185.3,16,8,10,2023-12-08T06:37:33,2023-12-08T17:50:04,0.85,Overcast,Cloudy skies throughout the day.,cloudy,"43169099999,remote"
Amarawati,12/9/2023,31,22,26.6,30.7,22,26.6,16.2,53.8,0,0,0,,0,0,24.8,15.8,72.4,1013.1,80.8,23.5,209.1,18.1,8,10,2023-12-09T06:38:08,2023-12-09T17:50:22,0.88,Partially cloudy,Partly cloudy throughout the day.,partly-cloudy-day,"43169099999,remote"
Amarawati,12/10/2023,30.5,20.4,25.6,30.1,20.4,25.5,15.5,55.2,0,0,0,,0,0,23,15.5,76.2,1012.6,46.6,22.9,226,19.4,8,10,2023-12-10T06:38:42,2023-12-10T17:50:42,0.91,Partially cloudy,Partly cloudy throughout the day.,partly-cloudy-day,"43169099999,remote"
Amarawati,12/11/2023,30.8,19.7,24.9,29.5,19.7,24.6,12.9,49.7,0,0,0,,0,0,22.3,16.6,66.2,1013.1,55.4,23.5,222,19.2,8,10,2023-12-11T06:39:17,2023-12-11T17:51:02,0.95,Partially cloudy,Partly cloudy throughout the day.,partly-cloudy-day,"43169099999,remote"
Amarawati,12/12/2023,30.3,18.7,24.1,28.9,18.7,23.8,12.4,50.3,0,0,0,,0,0,29.2,14,79,1012.3,26.9,23.5,231.1,20.1,8,10,2023-12-12T06:39:51,2023-12-12T17:51:24,0.98,Partially cloudy,Partly cloudy throughout the day.,partly-cloudy-day,"43169099999,remote"
Amarawati,12/13/2023,30.3,18.4,23.7,28.8,18.4,23.4,12.4,52.5,0,0,0,,0,0,39.2,15.5,89.5,1012.9,11.3,24.1,231.9,20,8,10,2023-12-13T06:40:25,2023-12-13T17:51:46,0,Clear,Clear conditions throughout the day.,clear-day,remote
Amarawati,12/14/2023,28.9,17.5,22.8,27.6,17.5,22.6,11.4,51.8,0,0,0,,0,0,29.5,15.8,89.9,1014.9,5.2,22.9,234.5,20.2,8,10,2023-12-14T06:40:59,2023-12-14T17:52:09,0.05,Clear,Clear conditions throughout the day.,clear-day,"43169099999,remote"
Amarawati,12/15/2023,28.9,17.5,23,28.4,17.5,23,14.5,60.7,0,0,0,,0,0,31.3,13,83.2,1015.1,30.1,22.9,226,19.5,8,10,2023-12-15T06:41:32,2023-12-15T17:52:33,0.08,Partially cloudy,Partly cloudy throughout the day.,partly-cloudy-day,"43169099999,remote"
Amarawati,12/16/2023,28,19.9,24.3,28.7,19.9,24.5,17.8,68.1,0.1,100,4.17,rain,0,0,23.4,13.7,94.2,1014.1,97.1,22.9,119.4,10.3,6,10,2023-12-16T06:42:05,2023-12-16T17:52:58,0.12,"Rain, Overcast",Cloudy skies throughout the day with late afternoon rain.,rain,"43169099999,remote"
Amarawati,12/17/2023,28.4,20.4,24.8,28.8,20.4,25,18.2,67.9,0,0,0,,0,0,25.2,15.1,103.1,1013.6,77.8,24.1,127.5,11.1,6,10,2023-12-17T06:42:38,2023-12-17T17:53:24,0.15,Partially cloudy,Partly cloudy throughout the day.,partly-cloudy-day,remote
Amarawati,12/18/2023,30.5,20.7,25.3,30.3,20.7,25.4,16.9,61.4,0.5,100,20.83,rain,0,0,37.8,19.8,84.5,1014.4,85.1,22.8,198.6,17.1,7,10,2023-12-18T06:43:10,2023-12-18T17:53:51,0.19,"Rain, Partially cloudy",Partly cloudy throughout the day with rain clearing later.,rain,"43169099999,remote"
Amarawati,12/19/2023,29.1,18.6,23.6,28.5,18.6,23.5,14.3,57.9,0,0,0,,0,0,36.4,17.3,72.8,1015.4,75.7,23.5,202.8,17.6,8,10,2023-12-19T06:43:42,2023-12-19T17:54:18,0.22,Partially cloudy,Partly cloudy throughout the day.,partly-cloudy-day,"43169099999,remote"
Amarawati,12/20/2023,29.6,18.3,23.5,28.8,18.3,23.4,14.3,58.9,0,0,0,,0,0,27.7,14.4,84.5,1015.4,75.5,23.5,220,18.9,8,10,2023-12-20T06:44:13,2023-12-20T17:54:47,0.25,Partially cloudy,Partly cloudy throughout the day.,partly-cloudy-day,"43169099999,remote"
Amarawati,12/21/2023,29.8,18.5,23.8,28.7,18.5,23.6,14,57.1,0,0,0,,0,0,15.1,12.2,78.9,1014.7,35.2,22.9,225.1,19.3,8,10,2023-12-21T06:44:44,2023-12-21T17:55:16,0.3,Partially cloudy,Partly cloudy throughout the day.,partly-cloudy-day,"43169099999,remote"
Amarawati,12/22/2023,30.3,16.4,23.3,28.7,16.4,23,9.3,46,0,0,0,,0,0,18.4,13.3,65.1,1014.5,81.6,22.9,212,18.3,8,10,2023-12-22T06:45:14,2023-12-22T17:55:45,0.33,Partially cloudy,Partly cloudy throughout the day.,partly-cloudy-day,"43169099999,remote"
Amarawati,12/23/2023,29.6,17.7,22.9,28.3,17.7,22.7,10.4,47.1,0,0,0,,0,0,25.6,14.8,87.4,1015.2,50.4,23.5,213.5,18.4,8,10,2023-12-23T06:45:43,2023-12-23T17:56:16,0.37,Partially cloudy,Partly cloudy throughout the day.,partly-cloudy-day,"43169099999,remote"
Amarawati,12/24/2023,30.6,17.6,23.5,29.1,17.6,23.2,13.1,56.3,0,0,0,,0,0,41,15.8,91.3,1016.7,52.2,22.9,227.9,19.6,8,10,2023-12-24T06:46:12,2023-12-24T17:56:47,0.4,Partially cloudy,Partly cloudy throughout the day.,partly-cloudy-day,"43169099999,remote"
Amarawati,12/25/2023,30.6,17.5,23.6,29.1,17.5,23.3,11.9,50.7,0,0,0,,0,0,26.3,15.5,89,1016.3,15.9,24.1,231.6,20.1,8,10,2023-12-25T06:46:40,2023-12-25T17:57:18,0.44,Clear,Clear conditions throughout the day.,clear-day,remote
Amarawati,12/26/2023,31,17.8,23.8,29.4,17.8,23.5,12.2,51.9,0,0,0,,0,0,24.8,14.4,95.1,1016,0.9,24.1,232.9,20.1,8,10,2023-12-26T06:47:08,2023-12-26T17:57:50,0.47,Clear,Clear conditions throughout the day.,clear-day,remote
Amarawati,12/27/2023,30.5,17.9,23.8,28.9,17.9,23.5,13,54.9,0,0,0,,0,0,38.9,16.6,91.2,1016.5,5.8,22.9,233.3,20.2,8,10,2023-12-27T06:47:35,2023-12-27T17:58:23,0.5,Clear,Clear conditions throughout the day.,clear-day,"43169099999,remote"
Amarawati,12/28/2023,30.4,17.5,23.3,28.7,17.5,22.9,12.3,55.7,0,0,0,,0,0,28.8,18,106,1015.4,38.3,24.1,233.7,20.3,8,10,2023-12-28T06:48:01,2023-12-28T17:58:56,0.54,Partially cloudy,Partly cloudy throughout the day.,partly-cloudy-day,remote
Amarawati,12/29/2023,29.9,16.4,22.7,28.4,16.4,22.4,12,56,0,0,0,,0,0,27,15.1,96.7,1015.6,55,24.1,234.9,20.4,8,10,2023-12-29T06:48:26,2023-12-29T17:59:30,0.57,Partially cloudy,Partly cloudy throughout the day.,partly-cloudy-day,remote
Amarawati,12/30/2023,30,17,23.3,28.3,17,23,11.2,51.7,0,0,0,,0,0,24.8,14.4,96.8,1015,18.2,22.9,236,20.5,8,10,2023-12-30T06:48:50,2023-12-30T18:00:04,0.6,Clear,Clear conditions throughout the day.,clear-day,"43169099999,remote"
Amarawati,12/31/2023,29.9,17.2,23.3,28.5,17.2,22.9,11.2,50.1,0,0,0,,0,0,30.2,17.3,104.5,1014.4,9.8,23.5,234,20.3,8,10,2023-12-31T06:49:14,2023-12-31T18:00:38,0.64,Clear,Clear conditions throughout the day.,clear-day,"43169099999,remote"
Amarawati,1/1/2024,29.6,17.2,23.2,28.2,17.2,22.9,12.4,55,0,0,0,,0,0,30.6,16.9,103.1,1014.5,49.4,23.5,232.7,19.9,8,10,2024-01-01T06:49:36,2024-01-01T18:01:13,0.67,Partially cloudy,Partly cloudy throughout the day.,partly-cloudy-day,"43169099999,remote"
Amarawati,1/2/2024,30,18,23.3,28.6,18,23,12.4,54.7,0,0,0,,0,0,31.3,15.1,104.3,1013.9,21.5,24.1,229.6,19.6,8,10,2024-01-02T06:49:58,2024-01-02T18:01:48,0.7,Partially cloudy,Clearing in the afternoon.,partly-cloudy-day,remote
Amarawati,1/3/2024,29.4,17.2,23.3,28.5,17.2,23.2,13.8,58.2,0,0,0,,0,0,40.3,20.9,111.4,1013.3,33.5,22.9,224.9,19.3,8,10,2024-01-03T06:50:19,2024-01-03T18:02:23,0.73,Partially cloudy,Clearing in the afternoon.,partly-cloudy-day,"43169099999,remote"
Amarawati,1/4/2024,30.6,18.2,24.3,29.4,18.2,24.1,14.4,57.7,0,0,0,,0,0,38.9,19.8,103.6,1013,61.7,24.1,215.9,18.7,8,10,2024-01-04T06:50:39,2024-01-04T18:02:58,0.75,Partially cloudy,Partly cloudy throughout the day.,partly-cloudy-day,remote
Amarawati,1/5/2024,30.5,19.1,24.4,29.1,19.1,24.1,13.8,55.4,0,0,0,,0,0,38.2,19.1,107,1012.9,60.1,23.5,223.1,19.2,8,10,2024-01-05T06:50:58,2024-01-05T18:03:34,0.8,Partially cloudy,Partly cloudy throughout the day.,partly-cloudy-day,"43169099999,remote"
Amarawati,1/6/2024,31.2,18.4,24.8,29.5,18.4,24.4,12.7,51.2,0,0,0,,0,0,37.1,22,104.6,1013.2,52.8,23.5,230.4,19.8,8,10,2024-01-06T06:51:16,2024-01-06T18:04:10,0.83,Partially cloudy,Partly cloudy throughout the day.,partly-cloudy-day,"43169099999,remote"
Amarawati,1/7/2024,28.2,19.9,23.8,27.5,19.9,23.7,14.5,58.7,0,0,0,,0,0,38.9,18.4,109.1,1014.2,55.2,23.5,93.3,8.1,4,10,2024-01-07T06:51:33,2024-01-07T18:04:46,0.86,Partially cloudy,Partly cloudy throughout the day.,partly-cloudy-day,"43169099999,remote"
Amarawati,1/8/2024,26.5,17.7,22.7,26.5,17.7,22.7,16.7,69.8,0,0,0,,0,0,38.2,23,108.9,1015.1,53,23.5,114,9.9,6,10,2024-01-08T06:51:48,2024-01-08T18:05:22,0.9,Partially cloudy,Partly cloudy throughout the day.,partly-cloudy-day,"43169099999,remote"
Amarawati,1/9/2024,29.6,19,24.3,29.3,19,24.3,15.6,60.6,0,0,0,,0,0,37.1,23,109.4,1014.8,60.2,23.5,195,16.8,7,10,2024-01-09T06:52:03,2024-01-09T18:05:58,0.93,Partially cloudy,Partly cloudy throughout the day.,partly-cloudy-day,"43169099999,remote"
Amarawati,1/10/2024,30.5,19.7,24.9,29.4,19.7,24.6,14.1,53.7,0,0,0,,0,0,35.6,18.4,104.2,1014.3,78.8,23.5,214.2,18.4,8,10,2024-01-10T06:52:17,2024-01-10T18:06:35,0.96,Partially cloudy,Partly cloudy throughout the day.,partly-cloudy-day,"43169099999,remote"
Amarawati,1/11/2024,31.4,19.8,25.4,29.7,19.8,25,11.6,44.7,0,0,0,,0,0,24.5,17.3,100.1,1014.5,41.9,23.5,227.9,19.9,8,10,2024-01-11T06:52:30,2024-01-11T18:07:11,0,Partially cloudy,Clearing in the afternoon.,partly-cloudy-day,"43169099999,remote"
Amarawati,1/12/2024,31.8,19.8,25.4,30.5,19.8,25,12.3,45.7,0,0,0,,0,0,20.9,18,103.6,1014,38.5,24.1,233.1,20.2,8,10,2024-01-12T06:52:41,2024-01-12T18:07:47,0.03,Partially cloudy,Partly cloudy throughout the day.,partly-cloudy-day,remote
Amarawati,1/13/2024,32.3,20.8,25.9,31.2,20.8,25.7,14.6,52,0,0,0,,0,0,19.4,12.6,72.7,1014.5,8.1,22.9,234.8,20.4,8,10,2024-01-13T06:52:51,2024-01-13T18:08:23,0.06,Clear,Clear conditions throughout the day.,clear-day,"43169099999,remote"
Amarawati,1/14/2024,32.3,20.4,26.1,30.7,20.4,25.7,13,47.4,0,0,0,,0,0,22.7,13.3,65.2,1013.9,2.3,22.9,239.2,20.7,8,10,2024-01-14T06:53:01,2024-01-14T18:08:59,0.1,Clear,Clear conditions throughout the day.,clear-day,"43169099999,remote"
Amarawati,1/15/2024,31.6,20.3,25.9,30.1,20.3,25.5,11.5,41.8,0,0,0,,0,0,10.1,10.1,64.2,1013.1,24.8,23.5,240.7,20.9,8,10,2024-01-15T06:53:09,2024-01-15T18:09:35,0.13,Partially cloudy,Partly cloudy throughout the day.,partly-cloudy-day,"43169099999,remote"
Amarawati,1/16/2024,31.6,20.4,25.9,30.1,20.4,25.6,12.8,46.1,0,0,0,,0,0,15.5,12.6,122,1011.4,76.6,23.5,238.7,20.7,8,10,2024-01-16T06:53:16,2024-01-16T18:10:11,0.17,Partially cloudy,Partly cloudy throughout the day.,partly-cloudy-day,"43169099999,remote"
Amarawati,1/17/2024,31.8,19.8,25.6,30.6,19.8,25.3,13.4,48.9,0,0,0,,0,0,28.4,16.2,136.2,1010.6,34.6,24.1,241,20.9,8,10,2024-01-17T06:53:22,2024-01-17T18:10:46,0.2,Partially cloudy,Clearing in the afternoon.,partly-cloudy-day,remote
Amarawati,1/18/2024,31.5,20,25.7,30.2,20,25.4,14.1,50.9,0,0,0,,0,0,25.9,14,131.8,1012,39.3,23.5,239.5,20.8,8,10,2024-01-18T06:53:26,2024-01-18T18:11:21,0.25,Partially cloudy,Partly cloudy throughout the day.,partly-cloudy-day,"43169099999,remote"
Amarawati,1/19/2024,32.1,20.8,26.3,30.8,20.8,26,13.6,47.5,0,0,0,,0,0,29.2,15.5,118.6,1012.3,23.2,22.9,240.8,20.8,8,10,2024-01-19T06:53:30,2024-01-19T18:11:56,0.27,Partially cloudy,Partly cloudy throughout the day.,partly-cloudy-day,"43169099999,remote"
Amarawati,1/20/2024,32.2,20.1,26.3,30.6,20.1,25.8,11.8,42.5,0,0,0,,0,0,35.3,21.2,131.4,1013.1,34.9,23.5,243.7,21.2,9,10,2024-01-20T06:53:32,2024-01-20T18:12:31,0.31,Partially cloudy,Partly cloudy throughout the day.,partly-cloudy-day,"43169099999,remote"
Amarawati,1/21/2024,32.7,20.6,26.4,31.4,20.6,26,13.4,46.6,0,0,0,,0,0,32.4,16.2,135.5,1013.1,12,24.1,243.2,21,9,10,2024-01-21T06:53:33,2024-01-21T18:13:06,0.34,Clear,Clear conditions throughout the day.,clear-day,remote
Amarawati,1/22/2024,33.8,21.3,27.1,32.5,21.3,26.8,14,46.8,0,0,0,,0,0,24.8,17.6,135.8,1013.7,31.2,23.5,243.9,21.1,9,10,2024-01-22T06:53:33,2024-01-22T18:13:40,0.38,Partially cloudy,Partly cloudy throughout the day.,partly-cloudy-day,"43169099999,remote"
Amarawati,1/23/2024,33.2,21.8,26.7,31.4,21.8,26.3,13.5,46.7,0,0,0,,0,0,32,14.8,148.7,1013,34.5,24.1,240.3,20.9,8,10,2024-01-23T06:53:32,2024-01-23T18:14:14,0.41,Partially cloudy,Partly cloudy throughout the day.,partly-cloudy-day,remote
Amarawati,1/24/2024,33.1,20.9,26.6,30.8,20.9,26,11.5,43.4,0,0,0,,0,0,25.2,15.8,125.5,1012.5,40.4,23.5,247.3,21.4,9,10,2024-01-24T06:53:30,2024-01-24T18:14:47,0.45,Partially cloudy,Partly cloudy throughout the day.,partly-cloudy-day,"43169099999,remote"
Amarawati,1/25/2024,31.7,20.8,25.9,30.4,20.8,25.6,13.7,49,0,0,0,,0,0,24.5,16.9,79.7,1014.4,6.4,22.9,247.7,21.5,9,10,2024-01-25T06:53:26,2024-01-25T18:15:20,0.5,Clear,Clear conditions throughout the day.,clear-day,"43169099999,remote"
Amarawati,1/26/2024,31.1,20.4,25.6,29.8,20.4,25.3,13.4,48.9,0,0,0,,0,0,38.9,18.4,104.8,1016.3,31.2,24.1,239.6,20.5,9,10,2024-01-26T06:53:21,2024-01-26T18:15:53,0.52,Partially cloudy,Partly cloudy throughout the day.,partly-cloudy-day,remote
Amarawati,1/27/2024,30.7,19.9,25.1,29.6,19.9,24.9,13.9,52.4,0,0,0,,0,0,28.8,15.5,99.5,1016.9,51.1,23.5,241,20.9,9,10,2024-01-27T06:53:15,2024-01-27T18:16:25,0.55,Partially cloudy,Partly cloudy throughout the day.,partly-cloudy-day,"43169099999,remote"
Amarawati,1/28/2024,30.9,19.2,24.6,29.1,19.2,24.2,11.5,47.7,0,0,0,,0,0,23,14.4,91.4,1016.4,33.7,24.1,254.6,22,9,10,2024-01-28T06:53:08,2024-01-28T18:16:57,0.58,Partially cloudy,Clearing in the afternoon.,partly-cloudy-day,remote
Amarawati,1/29/2024,31.4,19.2,24.9,29.6,19.2,24.5,12.3,49,0,0,0,,0,0,19.1,14,93.5,1015.8,75.1,22.9,251.5,21.7,9,10,2024-01-29T06:53:00,2024-01-29T18:17:28,0.62,Partially cloudy,Partly cloudy throughout the day.,partly-cloudy-day,"43169099999,remote"
Amarawati,1/30/2024,31.2,18.7,24.7,29.3,18.7,24.2,10,42.2,0,0,0,,0,0,30.2,14.4,106,1015,56,23.5,256.7,22.2,9,10,2024-01-30T06:52:50,2024-01-30T18:17:59,0.65,Partially cloudy,Partly cloudy throughout the day.,partly-cloudy-day,"43169099999,remote"
Amarawati,1/31/2024,32.6,18.1,25.6,30.5,18.1,25,8.7,36.3,0,0,0,,0,0,15.8,13.3,141.8,1013.8,51.7,23.5,248.6,21.5,9,10,2024-01-31T06:52:39,2024-01-31T18:18:29,0.68,Partially cloudy,Partly cloudy throughout the day.,partly-cloudy-day,"43169099999,remote"
Amarawati,2/1/2024,32.6,19.4,25.7,30.4,19.4,25,6.3,31,0,0,0,,0,0,24.1,13.3,253.3,1014.1,70.3,23.5,259.3,22.3,9,10,2024-02-01T06:52:28,2024-02-01T18:18:59,0.71,Partially cloudy,Partly cloudy throughout the day.,partly-cloudy-day,"43169099999,remote"
Amarawati,2/2/2024,32.5,19.1,26.2,30.3,19.1,25.4,4.6,26.1,0,0,0,,0,0,16.6,13.3,4.8,1014,76.9,23.5,262.9,22.7,9,10,2024-02-02T06:52:15,2024-02-02T18:19:29,0.75,Partially cloudy,Partly cloudy throughout the day.,partly-cloudy-day,"43169099999,remote"
Amarawati,2/3/2024,33.1,19.7,27,31.8,19.7,26.7,12.2,41.6,0,0,0,,0,0,23,13.3,67.2,1014.3,67.2,23.5,253.9,21.9,9,10,2024-02-03T06:52:01,2024-02-03T18:19:57,0.75,Partially cloudy,Partly cloudy throughout the day.,partly-cloudy-day,"43169099999,remote"
Amarawati,2/4/2024,33.3,22.1,27.5,32,22.1,27.1,14.7,48.2,0,0,0,,0,0,35.6,15.5,101.5,1015.6,10.3,23.5,256.8,22.3,9,10,2024-02-04T06:51:45,2024-02-04T18:20:26,0.81,Clear,Clear conditions throughout the day.,clear-day,"43169099999,remote"
Amarawati,2/5/2024,33.7,21,27.3,32.2,21,26.8,13.6,45.7,0,0,0,,0,0,32.4,13.7,110.5,1016.2,0.5,23.5,260,22.6,9,10,2024-02-05T06:51:29,2024-02-05T18:20:54,0.85,Clear,Clear conditions throughout the day.,clear-day,"43169099999,remote"
Amarawati,2/6/2024,35.1,22.2,28.6,33.5,22.2,28,13.2,41.2,0,0,0,,0,0,18.7,13.7,121.5,1015.3,0,22.9,260.6,22.6,9,10,2024-02-06T06:51:12,2024-02-06T18:21:21,0.88,Clear,Clear conditions throughout the day.,clear-day,"43169099999,remote"
Amarawati,2/7/2024,35.7,22.5,29,33.8,22.5,28.1,11.6,36.2,0,0,0,,0,0,15.5,12.2,101.8,1015,0.7,24.1,263.6,22.8,9,10,2024-02-07T06:50:53,2024-02-07T18:21:47,0.91,Clear,Clear conditions throughout the day.,clear-day,remote
Amarawati,2/8/2024,35.3,23.2,29.4,33.6,23.2,28.5,11.1,33.5,0,0,0,,0,0,17.3,12.6,79.6,1014,11.8,22.9,264.4,22.8,9,10,2024-02-08T06:50:34,2024-02-08T18:22:14,0.94,Clear,Clear conditions throughout the day.,clear-day,"43169099999,remote"
Amarawati,2/9/2024,35.3,22.9,28.9,33.1,22.9,28,11.2,36.1,0,0,0,,0,0,20.9,14,73.7,1014.2,26.4,23.5,260.3,22.6,9,10,2024-02-09T06:50:13,2024-02-09T18:22:39,0.98,Partially cloudy,Becoming cloudy in the afternoon.,partly-cloudy-day,"43169099999,remote"
Amarawati,2/10/2024,33.8,21.7,27.7,32.5,21.7,27.3,14.2,46.7,0,0,0,,0,0,40.7,20.2,128.4,1015.6,14.5,23.5,266.1,23,9,10,2024-02-10T06:49:51,2024-02-10T18:23:04,0,Clear,Clear conditions throughout the day.,clear-day,"43169099999,remote"
Amarawati,2/11/2024,34.2,21.3,27.4,32.2,21.3,26.6,12.7,45.4,0,0,0,,0,0,38.9,18.4,134.1,1015.8,24.6,23.5,268,23.3,9,10,2024-02-11T06:49:29,2024-02-11T18:23:29,0.05,Partially cloudy,Partly cloudy throughout the day.,partly-cloudy-day,"43169099999,remote"
Amarawati,2/12/2024,34.2,19.5,26.7,31.7,19.5,25.8,9.4,39.7,0,0,0,,0,0,44.6,20.2,123.9,1015.6,26.4,22.9,275.6,23.8,9,10,2024-02-12T06:49:05,2024-02-12T18:23:53,0.08,Partially cloudy,Becoming cloudy in the afternoon.,partly-cloudy-day,"43169099999,remote"
Amarawati,2/13/2024,34,19,26.2,31.6,19,25.4,9.8,41.4,0,0,0,,0,0,31.3,20.2,120.5,1015.3,26.3,22.9,276.4,23.8,9,10,2024-02-13T06:48:40,2024-02-13T18:24:16,0.11,Partially cloudy,Clearing in the afternoon.,partly-cloudy-day,"43169099999,remote"
Amarawati,2/14/2024,34.5,19.9,26.8,32.4,19.9,26.2,11.8,44.3,0,0,0,,0,0,28.1,16.2,113.3,1014.8,71.6,22.9,256.7,22.3,9,10,2024-02-14T06:48:15,2024-02-14T18:24:39,0.15,Partially cloudy,Partly cloudy throughout the day.,partly-cloudy-day,"43169099999,remote"
Amarawati,2/15/2024,33.9,20.8,27.1,31.6,20.8,26.2,9.4,38.4,0,0,0,,0,0,36.4,18,111.6,1014.5,31.7,23.5,268.5,23,9,10,2024-02-15T06:47:48,2024-02-15T18:25:01,0.18,Partially cloudy,Partly cloudy throughout the day.,partly-cloudy-day,"43169099999,remote"
Amarawati,2/16/2024,33.6,18.6,25.9,31.2,18.6,25.1,7.9,36.3,0,0,0,,0,0,33.5,21.2,114.9,1015.1,1.5,23.5,282.2,24.5,10,10,2024-02-16T06:47:21,2024-02-16T18:25:23,0.25,Clear,Clear conditions throughout the day.,clear-day,"43169099999,remote"
Amarawati,2/17/2024,33.9,19,26.1,31.3,19,25.3,5,30.5,0,0,0,,0,0,25.9,15.5,104.5,1014.3,14.1,24.1,282.9,24.5,10,10,2024-02-17T06:46:52,2024-02-17T18:25:44,0.25,Clear,Clear conditions throughout the day.,clear-day,remote
Amarawati,2/18/2024,34.3,20,27.2,31.7,20,26.2,4.2,26.4,0,0,0,,0,0,26.3,18.7,126.3,1012.7,11.8,23.5,283.2,24.6,10,10,2024-02-18T06:46:23,2024-02-18T18:26:04,0.29,Clear,Clear conditions throughout the day.,clear-day,"43169099999,remote"
Amarawati,2/19/2024,35.2,20.4,27.7,32.7,20.4,26.7,7.1,30,0,0,0,,0,0,41.8,17.6,132.4,1012.4,46.9,23.5,277.6,24,10,10,2024-02-19T06:45:53,2024-02-19T18:26:24,0.32,Partially cloudy,Partly cloudy throughout the day.,partly-cloudy-day,"43169099999,remote"
Amarawati,2/20/2024,35.3,21.6,28.7,33.2,21.6,27.8,11,36.6,0,0,0,,0,0,40,19.1,137.9,1012,33.3,23.5,276.6,24,9,10,2024-02-20T06:45:22,2024-02-20T18:26:44,0.35,Partially cloudy,Partly cloudy throughout the day.,partly-cloudy-day,"43169099999,remote"
Amarawati,2/21/2024,36.7,22.6,29.2,35.4,22.6,28.1,8.9,30.3,0,0,0,,0,0,25.2,19.4,356.3,1011,4.2,23.5,278.9,24.1,10,10,2024-02-21T06:44:50,2024-02-21T18:27:03,0.39,Clear,Clear conditions throughout the day.,clear-day,"43169099999,remote"
Amarawati,2/22/2024,34.8,22.1,28.7,32.4,22.1,27.5,5.6,24,0,0,0,,0,0,30.6,21.2,346.4,1011,46.1,23.5,284.3,24.6,10,10,2024-02-22T06:44:18,2024-02-22T18:27:21,0.42,Partially cloudy,Partly cloudy throughout the day.,partly-cloudy-day,"43169099999,remote"
Amarawati,2/23/2024,34.5,21.1,28.4,32.2,21.1,27.3,6.1,25.1,0,0,0,,0,0,20.5,17.6,349.9,1011.1,33.7,23.5,285.1,24.6,10,10,2024-02-23T06:43:44,2024-02-23T18:27:39,0.46,Partially cloudy,Clearing in the afternoon.,partly-cloudy-day,"43169099999,remote"
Amarawati,2/24/2024,35.3,22.2,29.1,34.4,22.2,28.5,11.6,35.6,0,0,0,,0,0,27.7,14.4,35.2,1010.4,34.1,22.9,278.3,24,9,10,2024-02-24T06:43:10,2024-02-24T18:27:57,0.5,Partially cloudy,Clearing in the afternoon.,partly-cloudy-day,"43169099999,remote"
Amarawati,2/25/2024,35.8,24.2,29.9,34.6,24.2,29.7,16.2,46.9,0.1,100,4.17,rain,0,0,46.4,28.8,122.4,1010.1,16.2,23.5,278,24.1,9,10,2024-02-25T06:42:35,2024-02-25T18:28:14,0.53,Rain,Clear conditions throughout the day with early morning rain.,rain,"43169099999,remote"
Amarawati,2/26/2024,34.6,22.2,28.2,33.2,22.2,27.8,15.3,49.3,0,0,0,,0,0,45,26.3,120.9,1011.7,1.6,23.5,281.6,24.4,10,10,2024-02-26T06:42:00,2024-02-26T18:28:30,0.56,Clear,Clear conditions throughout the day.,clear-day,"43169099999,remote"
Amarawati,2/27/2024,34.5,21.6,28,32.5,21.6,27.3,13.6,46.3,0,0,0,,0,0,42.8,22.3,110,1012.6,34.1,23.5,287.6,24.8,10,10,2024-02-27T06:41:24,2024-02-27T18:28:46,0.59,Partially cloudy,Partly cloudy throughout the day.,partly-cloudy-day,"43169099999,remote"
Amarawati,2/28/2024,35.3,22,28.5,33.3,22,27.7,12.8,41.9,0,0,0,,0,0,35.6,18.4,102.8,1011.8,25.1,24.1,288.7,25,10,10,2024-02-28T06:40:47,2024-02-28T18:29:02,0.63,Partially cloudy,Partly cloudy throughout the day.,partly-cloudy-day,remote
Amarawati,2/29/2024,35.7,22.1,28.9,33.5,22.1,27.8,9.3,31.9,0,0,0,,0,0,36,18,106.7,1012,25.5,23.5,284.8,24.6,10,10,2024-02-29T06:40:09,2024-02-29T18:29:17,0.66,Partially cloudy,Becoming cloudy in the afternoon.,partly-cloudy-day,"43169099999,remote"
Amarawati,3/1/2024,35.9,23.3,29.6,33.9,23.3,28.6,10.6,33,0,0,0,,0,0,23.8,18.7,120.1,1013,46.5,23.5,276.7,23.9,10,10,2024-03-01T06:39:31,2024-03-01T18:29:32,0.69,Partially cloudy,Partly cloudy throughout the day.,partly-cloudy-day,"43169099999,remote"
Amarawati,3/2/2024,36.7,22.7,29.9,34.3,22.7,28.7,9.8,31.8,0,0,0,,0,0,44.3,17.6,155.7,1011.8,5,23.5,295,25.5,10,10,2024-03-02T06:38:52,2024-03-02T18:29:46,0.73,Clear,Clear conditions throughout the day.,clear-day,"43169099999,remote"
Amarawati,3/3/2024,36.1,24,30.1,35.2,24,29.1,10.7,31.6,0,0,0,,0,0,24.1,14,335.7,1011.2,48.4,22.9,292.6,25.3,10,10,2024-03-03T06:38:13,2024-03-03T18:30:00,0.75,Partially cloudy,Partly cloudy throughout the day.,partly-cloudy-day,"43169099999,remote"
Amarawati,3/4/2024,36.4,24.9,30.9,34.5,24.9,29.7,10.9,30.6,0,0,0,,0,0,35.6,15.8,274.4,1010.6,58.7,23.5,291.6,25.2,10,10,2024-03-04T06:37:33,2024-03-04T18:30:13,0.79,Partially cloudy,Partly cloudy throughout the day.,partly-cloudy-day,"43169099999,remote"
Amarawati,3/5/2024,36.7,24.4,30.7,34.8,24.4,29.6,11.3,32.3,0,0,0,,0,0,31.3,14.8,113.6,1011.1,28.1,23.5,294.5,25.5,10,10,2024-03-05T06:36:53,2024-03-05T18:30:27,0.83,Partially cloudy,Partly cloudy throughout the day.,partly-cloudy-day,"43169099999,remote"
Amarawati,3/6/2024,37.8,24.8,31.2,35.8,24.8,30.1,10.9,31.1,0,0,0,,0,0,33.8,17.3,203.6,1010.5,50,22.9,295.1,25.5,10,10,2024-03-06T06:36:12,2024-03-06T18:30:39,0.86,Partially cloudy,Partly cloudy throughout the day.,partly-cloudy-day,"43169099999,remote"
Amarawati,3/7/2024,36.9,24.9,31.1,34.5,24.9,29.6,6.9,23,0,0,0,,0,0,29.5,22.3,9.9,1010,15.5,23.5,301.1,26.2,10,10,2024-03-07T06:35:31,2024-03-07T18:30:52,0.9,Clear,Clear conditions throughout the day.,clear-day,"43169099999,remote"
Amarawati,3/8/2024,37.2,24.5,30.9,35.1,24.5,29.6,8.8,26.7,0,0,0,,0,0,34.6,17.6,30.4,1010.3,18.8,23.5,299.7,26,10,10,2024-03-08T06:34:49,2024-03-08T18:31:04,0.93,Clear,Clear conditions throughout the day.,clear-day,"43169099999,remote"
Amarawati,3/9/2024,37.3,24.5,31.4,35.5,24.5,30.3,11.6,32.8,0,0,0,,0,0,20.2,14.4,63.6,1010.6,27.7,23.5,298.8,26,10,10,2024-03-09T06:34:07,2024-03-09T18:31:16,0.96,Partially cloudy,Partly cloudy throughout the day.,partly-cloudy-day,"43169099999,remote"
Amarawati,3/10/2024,37.6,25.5,31.6,36.4,25.5,31,13.7,36,0,0,0,,0,0,28.4,18.4,116.6,1011.9,31.5,24.1,295.5,25.3,10,10,2024-03-10T06:33:25,2024-03-10T18:31:27,0,Partially cloudy,Partly cloudy throughout the day.,partly-cloudy-day,remote
Amarawati,3/11/2024,37.5,25.2,31.8,36.3,25.2,31.3,14.1,36,0,0,0,,0,0,35.6,25.2,123.2,1013.4,42.8,23.5,298.6,25.9,10,10,2024-03-11T06:32:42,2024-03-11T18:31:39,0.03,Partially cloudy,Partly cloudy throughout the day.,partly-cloudy-day,"43169099999,remote"
Amarawati,3/12/2024,37.8,25.8,32.1,36.7,25.8,31.6,14.7,37.4,0,0,0,,0,0,37.1,17.3,119.3,1012.3,23.3,22.9,297.4,25.7,10,10,2024-03-12T06:31:59,2024-03-12T18:31:50,0.06,Partially cloudy,Partly cloudy throughout the day.,partly-cloudy-day,"43169099999,remote"
Amarawati,3/13/2024,39.2,28,33.4,37.3,27.5,32.1,11,26.9,0,0,0,,0,0,41,20.2,243.3,1010.5,21.5,24.1,301.3,26,10,10,2024-03-13T06:31:16,2024-03-13T18:32:00,0.1,Partially cloudy,Partly cloudy throughout the day.,partly-cloudy-day,remote
Amarawati,3/14/2024,38.6,26.4,32.6,36.9,26.4,31.3,10,25.7,0,0,0,,0,0,33.8,24.5,358.6,1010.5,6.5,22.9,303.2,26.3,10,10,2024-03-14T06:30:32,2024-03-14T18:32:11,0.13,Clear,Clear conditions throughout the day.,clear-day,"43169099999,remote"
Amarawati,3/15/2024,38.5,25.7,32.2,36.9,25.7,31.5,12.7,33,0,0,0,,0,0,31.7,14,106.9,1009.6,25.3,22.9,301.5,26.2,10,10,2024-03-15T06:29:48,2024-03-15T18:32:21,0.16,Partially cloudy,Partly cloudy throughout the day.,partly-cloudy-day,"43169099999,remote"
Amarawati,3/16/2024,39.1,28.2,33.8,37.6,27.8,32.4,10.5,25.2,0,0,0,,0,0,37.8,22.7,154.8,1009.3,53.5,24.1,288.8,25,10,10,2024-03-16T06:29:04,2024-03-16T18:32:31,0.2,Partially cloudy,Clearing in the afternoon.,partly-cloudy-day,remote
Amarawati,3/17/2024,38.6,27,33,36.7,28.1,32.3,13.4,34.6,0,0,0,,0,0,33.1,24.5,149.2,1010,43.1,23.5,295.6,25.4,10,10,2024-03-17T06:28:19,2024-03-17T18:32:41,0.25,Partially cloudy,Partly cloudy throughout the day.,partly-cloudy-day,"43169099999,remote"
Amarawati,3/18/2024,38.1,26.2,32.6,37.3,26.2,31.6,12.2,30.3,0,0,0,,0,0,40.3,20.5,163.3,1009.8,43.7,23.5,300.7,25.9,10,10,2024-03-18T06:27:35,2024-03-18T18:32:51,0.26,Partially cloudy,Partly cloudy throughout the day.,partly-cloudy-day,"43169099999,remote"
Amarawati,3/19/2024,38.1,27.7,32.6,36.5,27.8,31.7,12.8,32.1,0,0,0,,0,0,33.8,22,108.2,1009.6,54.9,23.5,281.7,24.2,10,10,2024-03-19T06:26:50,2024-03-19T18:33:00,0.3,Partially cloudy,Clearing in the afternoon.,partly-cloudy-day,"43169099999,remote"
Amarawati,3/20/2024,36.1,24.2,30.8,35,24.2,29.8,11.4,32.5,0,0,0,,0,0,22.7,17.3,67.4,1010.5,8,22.9,310.5,26.9,10,10,2024-03-20T06:26:05,2024-03-20T18:33:10,0.33,Clear,Clear conditions throughout the day.,clear-day,"43169099999,remote"
Amarawati,3/21/2024,35.4,24.6,30,33.9,24.6,29.5,15.1,43.7,0,0,0,,0,0,35.3,21.2,114.2,1011.1,22.8,23.5,304.9,26.3,10,30,2024-03-21T06:25:20,2024-03-21T18:33:19,0.37,Partially cloudy,Partly cloudy throughout the day.,partly-cloudy-day,"43169099999,remote"
Amarawati,3/22/2024,36.7,24.1,30.3,35.3,24.1,29.6,14,41.2,0,0,0,,0,0,34.6,17.3,115,1009.3,2.3,23.5,309.6,26.8,10,10,2024-03-22T06:24:35,2024-03-22T18:33:28,0.4,Clear,Clear conditions throughout the day.,clear-day,"43169099999,remote"
Amarawati,3/23/2024,37.2,25.1,31.4,35.6,25.1,30.5,12.2,32.7,0,0,0,,0,0,32.4,15.1,125.5,1008.7,2.5,23.5,310.2,26.8,10,10,2024-03-23T06:23:50,2024-03-23T18:33:38,0.43,Clear,Clear conditions throughout the day.,clear-day,"43169099999,remote"
Amarawati,3/24/2024,38.9,26.5,33.2,38,26.5,32.1,11.8,28.8,0,0,0,,0,0,41,23.4,134.7,1009.8,43.5,23.5,302,26.3,10,10,2024-03-24T06:23:04,2024-03-24T18:33:47,0.47,Partially cloudy,Clearing in the afternoon.,partly-cloudy-day,"43169099999,remote"
Amarawati,3/25/2024,38.2,26,32.5,36.1,26,31.2,10.6,27.8,0,0,0,,0,0,42.8,23,131,1010.5,10.5,23.5,313.6,27.1,10,10,2024-03-25T06:22:19,2024-03-25T18:33:56,0.5,Clear,Clear conditions throughout the day.,clear-day,"43169099999,remote"
Amarawati,3/26/2024,38.4,25.8,32.6,36.7,25.8,31.2,10.4,27.1,0,0,0,,0,0,44.6,24.1,132.9,1010.8,12.9,23.5,311.7,27.1,10,10,2024-03-26T06:21:34,2024-03-26T18:34:05,0.53,Clear,Clear conditions throughout the day.,clear-day,"43169099999,remote"
Amarawati,3/27/2024,38.7,25.9,32.5,36.3,25.9,30.9,8.4,24.1,0,0,0,,0,0,41.8,20.2,130.1,1012.4,8.1,23.5,316.8,27.4,10,10,2024-03-27T06:20:49,2024-03-27T18:34:14,0.57,Clear,Clear conditions throughout the day.,clear-day,"43169099999,remote"
Amarawati,3/28/2024,39.2,25.6,32.8,36.9,25.6,31.4,9.7,25.8,0,0,0,,0,0,37.1,18,126.5,1010.8,32.8,24.1,315.9,27.3,10,10,2024-03-28T06:20:04,2024-03-28T18:34:23,0.6,Partially cloudy,Becoming cloudy in the afternoon.,partly-cloudy-day,remote
Amarawati,3/29/2024,39.8,26.7,33.7,37.4,26.7,32.2,9.9,24.8,0,0,0,,0,0,40.7,20.2,143.9,1009.4,9.6,24.1,317.4,27.5,10,10,2024-03-29T06:19:19,2024-03-29T18:34:31,0.64,Clear,Clear conditions throughout the day.,clear-day,remote
Amarawati,3/30/2024,39.2,27,33.8,37.6,27,32.6,11.5,27.2,0,0,0,,0,0,42.5,19.8,161.9,1010.3,8.7,24.1,315.6,27.4,10,10,2024-03-30T06:18:34,2024-03-30T18:34:40,0.67,Clear,Clear conditions throughout the day.,clear-day,remote
Amarawati,3/31/2024,39.4,26.6,33,36.8,26.5,31.3,8,22.7,0,0,0,,0,0,42.8,19.4,139.3,1011.5,3.3,24.1,320.7,27.6,10,10,2024-03-31T06:17:49,2024-03-31T18:34:49,0.71,Clear,Clear conditions throughout the day.,clear-day,remote
